rolle;name_de;rollentext_karte;wann;quelle_schritte;aktuelle_schritte;tipps_bester_fall;auswahl_laut_app;auswahl_laut_rollentext;verzichten_laut_app;verzichten_laut_rollentext;karte_zeigen_schritt;karte_zeigen_noetig;texte_bildschirm;vorschlag_vereinfacht;widerspruch_app_vs_rollentext;widerspruch_grund;tipps_neu;nachtkarte_regeln
albtraumwolf;Albtraumwolf;Blockiert jede Nacht die Fähigkeit eines Dorfbewohners.;jede Nacht (zuerst, vor allen Dorfrollen);gemessen: Nacht 1;1. Bildschirm 'Auswahl' [Auswahl bestätigen, Niemand / verzichten, Abbrechen …, nach Auswahl: Auswahl leeren];2;0 bis 1 Personen (zulässig: 0 oder 1);genau 1 (Dorfbewohner);ja ('Niemand / verzichten');nein (Text: blockiert jede Nacht);nein;nein, nichts Geheimes zu zeigen;Bildschirm 'Auswahl': Tu jetzt | Albtraumwolf | Handelnd: 1 · A | Tippe die Person an, die der Albtraumwolf blockiert. Ohne Wahl: „Niemand / verzichten“. | Zulässige Anzahl gewählter Personen: 0 oder 1. | Noch niemand gewählt. Tippe im Sitzkreis auf eine Person.;1 Bildschirm. Titel: 'Albtraumwolf blockiert eine Person.' Hilfe: 'Tippe die Person, sie kann heute Nacht nichts tun.' Antippen gilt sofort (3 s rückgängig). Kein Beginnen, kein Verzichten. 1 Tipp.;ja;"App erlaubt 0 oder 1 mit 'Niemand / verzichten'; Kartentext sagt 'blockiert jede Nacht'. Lexikon und Entscheidung: freiwillig.";1;"Er wählt jede Nacht, auch dieselbe Person wie zuvor. Verzicht gibt es nicht. | Blockiert nur Nachtschritte, wenn die Person Dorfrolle ist. | Todesreaktionen und passive Fähigkeiten laufen weiter."
amalia;Amalia;Trägt den Willen Hestias in sich. Solange mehr als zwei Werwölfe im Spiel sind, kann sie sich opfern, um öffentlich eine Ja-/Nein-Frage zu stellen.;Tag (Opfer für eine Ja/Nein-Frage, solange mehr als 2 Wölfe);nicht gemessen (keine Nachtkarte der Rolle);keine Karte der Rolle in der Nacht;0;keine;keine;nicht anwendbar;ja (kann sich opfern);nein;nein;;keine Nachtkarte. Tageskarte: Titel 'Amalia opfert sich?' mit Ja / Nein. Hilfe: 'Stelle die Frage laut.' 1 Tipp.;nein;;0;"Nur am Tag, solange mindestens drei Lebende als Wolf zählen. | Amalia stirbt sofort und stellt die Ja-/Nein-Frage laut. | Der Spielleiter antwortet wahrheitsgemäß, die App protokolliert es."
besessener-wolf;Besessener Wolf;Reißt beim Tod (bei ≥5 Spielern) einen weiteren mit in den Tod.;Tod (einmal je Leben, nur bei mindestens 5 Lebenden);gemessen: nach dem Tod der Rolle;1. Bildschirm 'Ansage' (Schritt beginnen) [Schritt beginnen] → 2. Bildschirm 'Auswahl' [Auswahl bestätigen, Verzichtet, nach Auswahl: Auswahl leeren];3;0 bis 1 Personen (zulässig: 0 oder 1);genau 1 (andere lebende Person);ja ('Verzichtet');nein (Text: reißt mit in den Tod);nein;nein;Bildschirm 'Ansage' (Schritt beginnen): Reaktion · 1 offen | Besessener Wolf | Handelnd: 1 · A ‖ Bildschirm 'Auswahl': Tu jetzt | Besessener Wolf | Handelnd: 1 · A | Der Besessene Wolf reißt jemanden mit. Tippe die Person an oder „Verzichtet“. | Zulässige Anzahl gewählter Personen: 0 oder 1. | Noch niemand gewählt. Tippe im Sitzkreis auf eine Person.;1 Bildschirm nach dem Tod. Titel: 'Besessener Wolf reißt eine Person mit.' Hilfe: 'Tippe die Person.' Kein Beginnen, kein Verzichten. 1 Tipp.;ja;"App: Reaktion mit 'Schritt beginnen' und 0 oder 1 mit 'Niemand / verzichten'; Kartentext ohne Verzicht (Lexikon: freiwillig).";nicht gemessen;"Einmal je Leben, nur wenn unmittelbar vor dem Tod mindestens 5 Personen leben. | Wirkt nach einem Tod am Tag sofort, nachts am Morgen. | Das Opfer kann auch ein Wolf sein. Verzicht gibt es nicht."
blutpriester;Blutpriester;Opfert jemanden und deckt 0–3 Werwölfe auf.;jede Nacht bis zur Nutzung (einmalig);gemessen: Nacht 1;1. Bildschirm 'Ansage' (Schritt beginnen) [Schritt beginnen] → 2. Bildschirm 'Auswahl' [Auswahl bestätigen, Kein Opfer in dieser Nacht, Abbrechen …, nach Auswahl: Auswahl leeren] → 3. Bildschirm 'Auswahl' [Auswahl bestätigen, Zufällig auswählen, Keinen Wolf nennen, Abbrechen …, nach Auswahl: Auswahl leeren] → 4. Bildschirm 'Gezeigt' [Gezeigt, Karte zeigen, Abbrechen …];9;"0 bis 1 Personen (zulässig: 0 oder 1); 0 bis 3 Personen (zulässig: 0 oder 1 oder 2 oder 3); keine (nur 'Gezeigt')";"Opfer genau 1; danach Spielleiter nennt 0 bis 3 Wölfe";"ja ('Kein Opfer in dieser Nacht'); ja ('Keinen Wolf nennen')";ja (einmalig, Nutzung freiwillig);ja (1);"ja, Wolfsnamen sind geheim; genau einmal";Bildschirm 'Ansage' (Schritt beginnen): Nächster Schritt · 2 von 2 | Blutpriester | Handelnd: 1 · A | Sag jetzt | „Blutpriester, erwache. Willst du heute ein Opfer bringen? Zeige darauf oder schüttle den Kopf.“ ‖ Bildschirm 'Auswahl': Tu jetzt | Blutpriester | Handelnd: 1 · A | Tippe das Opfer des Blutpriesters an. Es stirbt am Morgen. Ohne Opfer: verzichten. | Zulässige Anzahl gewählter Personen: 0 oder 1. | Noch niemand gewählt. Tippe im Sitzkreis auf eine Person. ‖ Bildschirm 'Auswahl': Tu jetzt | Blutpriester | Handelnd: 1 · A | Opfer: 12 · L | Nur für dich: Wähle bis zu drei lebende Wölfe, die du dem Blutpriester nennst. | Zulässige Anzahl gewählter Personen: 0 bis 3. | Noch niemand gewählt. Tippe im Sitzkreis auf eine Person. | Zufällig auswählen ist hier nicht möglich: Es gibt keine zulässige Auswahl. ‖ Bildschirm 'Gezeigt': Tu jetzt | Blutpriester | Handelnd: 1 · A | Genannte Wölfe: 3 · C | Opfer: 12 · L | Nenne dem Blutpriester die gewählten Wölfe. Danach „Gezeigt“.;2 Bildschirme. 1) 'Blutpriester opfert jemanden?' Person antippen = ja, 'Nicht heute' = nein. 2) Spielleiter tippt 0 bis 3 Wölfe, danach 'Karte zeigen' mit den Namen (schließt selbst). Kein Beginnen, kein extra 'Gezeigt'.;nein;;5;"Einmal je Leben, freiwillig. Das Opfer darf auch ein Wolf sein. | Das Opfer stirbt am Morgen. Kein Rudelangriff, der Schutzengel hilft nicht. | Der Spielleiter wählt 0 bis 3 Wölfe, nur der Blutpriester erfährt die Namen."
blutwolf;Blutwolf;Seine Stimme zählt +1 für jeden direkten toten Nachbarn.;Tag (bei jeder Abstimmung);nicht gemessen (keine Nachtkarte der Rolle);keine Karte der Rolle in der Nacht;0;keine;keine;nicht anwendbar;nicht anwendbar;nein;nein;;keine Nachtkarte. Nur Hinweis '+1 Stimme je totem Nachbarn' bei der Abstimmung.;nein;;0;"Gilt bei jeder Abstimmung, solange er lebt. | Seine Stimme zählt +1 je direkt benachbartem toten Platz. | Stimmen zählt die App nicht, der Spielleiter zählt selbst."
cerberus;Cerberus;"Baut Köpfe auf (bis zu 3); bei 3 kann er eine Lynchung abwehren.";Morgen (Köpfe zählen), Tag (Hinrichtung abwehren);nicht gemessen (keine Nachtkarte der Rolle);keine Karte der Rolle in der Nacht;0;keine;keine;nicht anwendbar;nicht anwendbar;nein;nein;;keine Nachtkarte. Tageskarte bei Hinrichtung: 'Cerberus wehrt ab?' Ja / Nein. 1 Tipp.;nein;;0;"+1 Kopf in jeder Morgenauflösung, höchstens 3. | Bei 3 Köpfen und Hinrichtung fragt die App, ob er abwehrt. | Bei Ja überlebt er, Köpfe auf 0, die Hinrichtung gilt als erfolgt."
daemonischer-wolf;Dämonischer Wolf;Verflucht Opfer, sodass sie als Werwölfe gesehen werden.;Tod (einmal je Leben);gemessen: nach dem Tod der Rolle;1. Bildschirm 'Ansage' (Schritt beginnen) [Schritt beginnen] → 2. Bildschirm 'Auswahl' [Auswahl bestätigen, Verzichtet, nach Auswahl: Auswahl leeren];3;0 bis 1 Personen (zulässig: 0 oder 1);genau 1 (andere lebende Person);ja ('Verzichtet');nein (Text: verflucht Opfer);nein;nein;Bildschirm 'Ansage' (Schritt beginnen): Reaktion · 1 offen | Dämonischer Wolf | Handelnd: 1 · A ‖ Bildschirm 'Auswahl': Tu jetzt | Dämonischer Wolf | Handelnd: 1 · A | Der Dämonische Wolf verflucht im Sterben jemanden. Tippe die Person an oder „Verzichtet“. | Zulässige Anzahl gewählter Personen: 0 oder 1. | Noch niemand gewählt. Tippe im Sitzkreis auf eine Person.;1 Bildschirm nach dem Tod. Titel: 'Dämonischer Wolf verflucht eine Person.' Hilfe: 'Tippe die Person.' Kein Beginnen, kein Verzichten. 1 Tipp.;ja;"App: Reaktion mit 'Schritt beginnen' und 0 oder 1 mit 'Niemand / verzichten'; Kartentext ohne Verzicht (Lexikon: freiwillig).";nicht gemessen;"Einmal je Leben bei jedem Tod mit Todesfolgen, am Tag sofort, nachts am Morgen. | Nur Rollenauskünfte (Orakel) zeigen die Person als Werwolf, alles andere bleibt wahr. | Der Fluch bleibt bis zum Rollenwechsel, auch nach einer Wiederbelebung."
das-orakel;Das Orakel;Sieh in deine Kugel und erfahre die Rolle eines Spielers.;jede Nacht (Pflicht, nach den Waldhexen);gemessen: Nacht 1;1. Bildschirm 'Ansage' (Schritt beginnen) [Schritt beginnen] → 2. Bildschirm 'Auswahl' [Auswahl bestätigen, Abbrechen …, nach Auswahl: Auswahl leeren] → 3. Bildschirm 'Gezeigt' [Gezeigt, Karte zeigen, Gezeigtes Ergebnis ändern …, Abbrechen …];5;"1 bis 1 Personen (zulässig: 1); keine (nur 'Gezeigt')";genau 1 (andere lebende Person);nein;nein;ja (1);"ja, Rolle der Person ist geheim; genau einmal, Karte schließt selbst";Bildschirm 'Ansage' (Schritt beginnen): Nächster Schritt · 2 von 2 | Das Orakel | Handelnd: 1 · A | Sag jetzt | „Orakel, erwache. Zeige auf die Person, deren Wesen du schauen willst.“ ‖ Bildschirm 'Auswahl': Tu jetzt | Das Orakel | Handelnd: 1 · A | Tippe die Person an, auf die das Orakel zeigt, und bestätige. | Zulässige Anzahl gewählter Personen: 1. | Noch niemand gewählt. Tippe im Sitzkreis auf eine Person. ‖ Bildschirm 'Gezeigt': Tu jetzt | Das Orakel | Handelnd: 1 · A | Ermitteltes Ergebnis: Dorfwache | Von der Spielleitung geändert: Nein | Zu zeigendes Ergebnis: Dorfwache | Gewählte Person: 12 · L | Wahre Rolle: Dorfwache | Zeige dem Orakel das Ergebnis, zum Beispiel über „Karte zeigen“. Danach „Gezeigt“.;2 Bildschirme. 1) Titel 'Das Orakel schaut eine Person.' Hilfe 'Tippe die Person.' (gilt sofort, 3 s rückgängig). 2) 'Karte zeigen' mit dem Ergebnis, schließen = erledigt. Kein Beginnen, kein extra 'Gezeigt'.;nein;;3;"Pflicht in jeder Nacht, nicht überspringbar. Selbstprüfung ist verboten. | Zeigt die Scheinrolle des Trugbilderwolfs. Wölfe erscheinen als Werwolf. | Das Wolfskind erscheint erst nach der Verwandlung als Werwolf."
der-weise;Der Weise;Du überlebst dank deines Wissens und deiner Vorbereitung den ersten Werwolfangriff. Sollte das Dorf dich jedoch lynchen, verlieren diese 1–3 Nächte und Tage lang ihre Fähigkeiten.;Tag (bei Hinrichtung des Weisen) und passiv;nicht gemessen (keine Nachtkarte der Rolle);keine Karte der Rolle in der Nacht;0;keine;keine (Spielleiter legt Fluch 0 bis 3 fest);nicht anwendbar;nicht anwendbar;nein;nein;;keine Nachtkarte. Nur bei seiner Hinrichtung: Zahl 0 bis 3 wählen, 1 Tipp.;nein;;0;"Überlebt einmal je Leben den ersten Rudelangriff, still. Durchdringende Angriffe töten ihn. | Wird er hingerichtet, legt der Spielleiter 0 bis 3 Nächte und Tage Fluch fest. | Im Fluch ruht alles beim Dorf, Schild, Waffe, Liebeskummer und Kette wirken weiter."
detektiv;Detektiv;Nach dem Tod eines Wolfes wird öffentlich ein Hinweis auf einen anderen Wolf verkündet.;passiv (nach dem Tod eines Wolfs);nicht gemessen (keine Nachtkarte der Rolle);keine Karte der Rolle in der Nacht;0;keine;keine;nicht anwendbar;nicht anwendbar;nein;nein;;keine Nachtkarte. Nur öffentliche Ansage 'Richtung des nächsten Wolfs'.;nein;;0;"Nach jedem Tod eines Wolfs, wenn danach noch ein Wolf lebt. | Ansage: Richtung zum nächsten lebenden Wolf, tote Plätze zählen mit. | Bei gleichem Abstand: „beide Seiten gleich weit“. Ein Hinweis je Wolfstod."
die-ewigen;Die Ewigen;Prüfen jede Nacht ob ein Spieler eine Solo-Siegbedingung hat — und gewinnen gemeinsam mit ihm.;jede Nacht (gemeinsamer Schritt aller Ewigen);gemessen: Nacht 1;1. Bildschirm 'Ansage' (Schritt beginnen) [Schritt beginnen] → 2. Bildschirm 'Auswahl' [Auswahl bestätigen, Abbrechen …, nach Auswahl: Auswahl leeren] → 3. Bildschirm 'Gezeigt' [Gezeigt, Karte zeigen, Abbrechen …];5;"1 bis 1 Personen (zulässig: 1); keine (nur 'Gezeigt')";genau 1 (nicht Ewige);nein;nein;ja (1);"ja, Ja/Nein ist geheim; genau einmal für alle gemeinsam";Bildschirm 'Ansage' (Schritt beginnen): Nächster Schritt · 2 von 2 | Die Ewigen | Handelnd: 1 · A | Sag jetzt | „Ewige, erwacht. Zeigt gemeinsam auf die Person, die ihr prüfen wollt.“ ‖ Bildschirm 'Auswahl': Tu jetzt | Die Ewigen | Handelnd: 1 · A | Tippe die Person an, die die Ewigen prüfen, und bestätige. | Zulässige Anzahl gewählter Personen: 1. | Noch niemand gewählt. Tippe im Sitzkreis auf eine Person. ‖ Bildschirm 'Gezeigt': Tu jetzt | Die Ewigen | Handelnd: 1 · A | Einzelsieg: Nein | Gewählte Person: 12 · L | Zeige den Ewigen, ob die Person allein gewinnen kann. Danach „Gezeigt“.;2 Bildschirme. 1) Titel 'Die Ewigen prüfen eine Person.' Hilfe 'Alle Ewigen wachen auf. Tippe die Person.' 2) 'Karte zeigen' Ja/Nein einmal für alle.;nein;;3;"Ein gemeinsamer Schritt aller lebenden Ewigen, jede Nacht. | Sie erfahren nur Ja (Einzelsieg-Rolle) oder Nein. | Gewinnt eine mit Ja geprüfte Person allein, gewinnen alle Ewigen mit, auch tote."
die-gebundenen;Die Gebundenen;Wacht in der ersten Nacht auf und lernt alle anderen Gebundenen kennen.;nur Nacht 1 (gemeinsamer Schritt);gemessen: Nacht 1;1. Bildschirm 'Gezeigt' [Gezeigt, Karte zeigen, Abbrechen …];2;keine (nur 'Gezeigt');keine;keine Wahl;nein;ja (1);"nein, die Gebundenen sehen einander beim Aufwachen; keine Geheiminfo über die Karte nötig";Bildschirm 'Gezeigt': Tu jetzt | Die Gebundenen | Handelnd: 1 · A | Lebende Gebundene: 1 · A | Die Gebundenen sehen einander. Danach „Gezeigt“.;1 Bildschirm. Titel: 'Die Gebundenen wachen auf.' Namen der Gebundenen anzeigen. Hilfe: 'Alle erkennen einander.' Knopf 'Weiter'. Kein 'Karte zeigen', kein 'Gezeigt'. 1 Tipp.;nein;;1;"Nur in Nacht 1, ein gemeinsamer Schritt. | Jede lebende Gebundene sieht alle anderen lebenden Gebundenen. | Lebt nur eine, erfährt sie „keine anderen“."
doktor;Doktor;Nimmt jede Nacht Blutproben von zwei Spielern und erfährt, ob sie demselben Team angehören.;jede Nacht;gemessen: Nacht 1;1. Bildschirm 'Ansage' (Schritt beginnen) [Schritt beginnen] → 2. Bildschirm 'Auswahl' [Auswahl bestätigen, Abbrechen …, nach Auswahl: Auswahl leeren] → 3. Bildschirm 'Gezeigt' [Gezeigt, Karte zeigen, Abbrechen …];6;"2 bis 2 Personen (zulässig: 2); keine (nur 'Gezeigt')";genau 2 (verschiedene andere Lebende);nein;nein;ja (1);"ja, Ja/Nein (gleiches Team) ist geheim; genau einmal";Bildschirm 'Ansage' (Schritt beginnen): Nächster Schritt · 2 von 2 | Doktor | Handelnd: 1 · A | Sag jetzt | „Doktor, erwache. Zeige auf zwei Personen, deren Blut du vergleichen willst.“ ‖ Bildschirm 'Auswahl': Tu jetzt | Doktor | Handelnd: 1 · A | Tippe die zwei Personen an, auf die der Doktor zeigt, und bestätige. | Zulässige Anzahl gewählter Personen: 2. | Noch niemand gewählt. Tippe im Sitzkreis auf eine Person. ‖ Bildschirm 'Gezeigt': Tu jetzt | Doktor | Handelnd: 1 · A | Gleiches Team: Ja | Gewählte Personen: 11 · K, 12 · L | Zeige dem Doktor, ob beide zum selben Team gehören. Danach „Gezeigt“.;2 Bildschirme. 1) Titel 'Der Doktor prüft zwei Personen.' Hilfe 'Tippe zwei Personen.' (nach dem zweiten Tipp sofort übernommen, 3 s rückgängig). 2) 'Karte zeigen' mit Ergebnis.;nein;;4;"Jede Nacht genau zwei verschiedene andere Lebende. | Team heißt wahre Fraktion: Dorf, Werwölfe oder Einzelsieg. Zwei Einzelsieger sind ein Team. | Die Scheinrolle eines Trugbilderwolfs täuscht nicht."
doppelspion;Doppelspion;Wacht gemeinsam mit den Werwölfen auf. Gewinnt alleine, wenn alle Werwölfe tot sind. Der Angriff des Rachsüchtigen Wolfs verpufft an ihm.;passiv (wacht mit dem Rudel nur als Ansage), Sieg bei Siegprüfung;nicht gemessen (keine Nachtkarte der Rolle);keine Karte der Rolle in der Nacht;0;keine;keine;nicht anwendbar;nicht anwendbar;nein;nein;;keine Nachtkarte. Nur Ansage im Rudelschritt.;nein;;0;"Wacht bei jedem Rudelschritt mit. Die Wölfe sehen nur eine weitere wache Person. | Zählt in der Parität als Nicht-Wolf. | Lebt kein Wolf mehr, wird sein Alleinsieg vorgeschlagen, nicht der Dorfsieg."
dorfbewohner;Dorfbewohner;Hat keine aktive Nachtfähigkeit.;nie;nicht gemessen (keine Nachtkarte der Rolle);keine Karte der Rolle in der Nacht;0;keine;keine;nicht anwendbar;nicht anwendbar;nein;nein;;keine Nachtkarte.;nein;;0;"Keine Nachtfähigkeit, kein Einsatz."
dorfchronistin;Dorfchronistin;Erfährt zu Beginn des Spiels, wie viele Solo-Rollen im Spiel sind.;nur Nacht 1;gemessen: Nacht 1;1. Bildschirm 'Gezeigt' [Gezeigt, Karte zeigen, Abbrechen …];2;keine (nur 'Gezeigt');keine;keine Wahl;nein;ja (1);"ja, die Zahl ist geheim; genau einmal";Bildschirm 'Gezeigt': Tu jetzt | Dorfchronistin | Handelnd: 1 · A | Personen mit Einzelsiegrolle: 0 | Zeige der Dorfchronistin die Zahl. Danach „Gezeigt“.;1 Bildschirm. Titel: 'Dorfchronistin erfährt eine Zahl.' 'Karte zeigen' mit der Zahl, schließen = erledigt. Kein Beginnen, kein extra 'Gezeigt'. 1 bis 2 Tipps.;nein;;2;"Nur in Nacht 1. Wer da nicht handelt, verliert die Fähigkeit. | Gezählt werden alle Einzelsieg-Rollen, lebend und tot. | Eine Blockade lässt den Schritt entfallen."
dorfschmied;Dorfschmied;Schmiedet fünf Nächte lang an einer Waffe. In der sechsten Nacht kann er sie einem Spieler geben. Dieser wehrt einen Wolfsangriff ab und tötet dabei einen zufälligen Wolf.;ab Nacht 6 bis zur Nutzung (einmalig);nicht gemessen (ab Nacht 6);"nicht gemessen: Bedingung ab Nacht 6 nicht erreicht; Frage 'Waffe geben?' laut Lexikon";0;keine;genau 1 (Träger der Waffe);nicht anwendbar;ja (kann sie geben);nein;nein;;1 Bildschirm ab Nacht 6. Titel: 'Der Dorfschmied gibt die Waffe?' Hilfe: 'Tippe die Person oder wähle Nicht heute.' 1 Tipp.;nein;;0;"Einmal je Leben, ab Nacht 6 jede Nacht gefragt, bis die Waffe vergeben ist. | Die Waffe wehrt den nächsten Rudelangriff auf den Träger ab, auch durchdringende. | Der Spielleiter wählt einen lebenden Wolf, der dabei stirbt."
dorfwache;Dorfwache;Stirbt nicht, wenn er nachts Ziel der Werwölfe wird.;passiv (Rudelangriff tötet sie nicht);nicht gemessen (keine Nachtkarte der Rolle);keine Karte der Rolle in der Nacht;0;keine;keine;nicht anwendbar;nicht anwendbar;nein;nein;;keine Nachtkarte.;nein;;0;"Der Rudelangriff tötet sie nicht, solange sie lebt. | Durchdringende Angriffe und die Giftpranke töten sie. | Hinrichtung, Waldhexengift und andere Tode wirken normal."
dr-victor-frankenstein;Dr. Victor Frankenstein;Kann einmalig einen Toten wiederbeleben und ihm eine neue Rolle geben.;bedingt: tote Person vorhanden, jede Nacht bis zur Nutzung (einmalig);gemessen: Bedingung herbeigeführt (viele Tote), Nacht 1;1. Bildschirm 'Ansage' (Schritt beginnen) [Schritt beginnen] → 2. Bildschirm 'Auswahl' [Auswahl bestätigen, Niemand / verzichten, Abbrechen …, nach Auswahl: Auswahl leeren] → 3. Bildschirm 'Optionsliste' [Option 1: Das Orakel, Option 2: Die Ewigen, Option 3: Die Gebundenen, Option 4: Doktor, Option 5: Doppelspion, Option 6: Dorfbewohner, Option 7: Dorfchronistin, Option 8: Fährtenleser, Option 9: Feuerteufel, Option 10: Grabräuber, Option 11: Hades, Option 12: Henker, Option 13: Kopfgeldjäger, Option 14: Korrupter Richter, Option 15: Kutscher, Option 16: Lehrling, Option 17: Loki, Option 18: Manipulator, Option 19: Nekromant, Option 20: Parasit, Option 21: Pestbringerin, Option 22: Prophet des Untergangs, Option 23: Rattenfänger, Option 24: Rotkäppchen, Option 25: Schutzengel, Option 26: Seelentauscher, Option 27: Selbstmörder, Option 28: Sensenträger, Option 29: Spürhund, Option 30: Todesprediger, Option 31: Traumdeuter, Option 32: Verdammniswächter, Option 33: Voodoo-Priester, Option 34: Waldhexe, Option 35: Waldläufer, Option 36: Wolfskind, Option 37: Zeitwächter, Abbrechen …];4;"0 bis 1 Personen (zulässig: 0 oder 1); 1 aus 37 Optionen";genau 1 Toter und 1 freie Rolle;ja ('Niemand / verzichten');ja (kann);nein;nein;Bildschirm 'Ansage' (Schritt beginnen): Nächster Schritt · 2 von 5 | Dr. Victor Frankenstein | Handelnd: 1 · A | Sag jetzt | „Doktor Frankenstein, erwache. Willst du einen Toten zurückholen? Zeige auf ihn.“ ‖ Bildschirm 'Auswahl': Tu jetzt | Dr. Victor Frankenstein | Handelnd: 1 · A | Tippe den Toten an, den Frankenstein zurückholt. Ohne Wahl: verzichten. | Zulässige Anzahl gewählter Personen: 0 oder 1. | Noch niemand gewählt. Tippe im Sitzkreis auf eine Person. ‖ Bildschirm 'Optionsliste': Tu jetzt | Dr. Victor Frankenstein | Handelnd: 1 · A | Gewählte Person: 13 · M | Wähle die freie Rolle, mit der die Person zurückkehrt.;2 Bildschirme. 1) Titel 'Frankenstein holt eine tote Person zurück.' Hilfe 'Tippe die Person oder wähle Nicht heute.' 2) Rolle aus der Liste antippen (gilt sofort). Kein Beginnen. 2 Tipps.;nein;;2;"Einmal je Leben, freiwillig, jede Nacht bis zur Nutzung. | Die tote Person erhält eine Rolle, die gerade niemand hat. Nie eine Wolfsrolle. | Sie startet frisch und handelt ab der folgenden Nacht. Am Morgen öffentlich sichtbar."
faehrtenleser;Fährtenleser;Wacht jede Nacht auf und darf einmal im Spiel erfahren, in welche Richtung der nächstliegende Wolf von ihm sitzt: links oder rechts.;jede Nacht bis zur Nutzung (einmalig);gemessen: Nacht 1;1. Bildschirm 'Ansage' (Schritt beginnen) [Schritt beginnen] → 2. Bildschirm 'Ja/Nein' [Fährte jetzt lesen, Noch nicht, Abbrechen …] → 3. Bildschirm 'Gezeigt' [Gezeigt, Karte zeigen, Abbrechen …];4;"Ja/Nein; keine (nur 'Gezeigt')";keine;Ja/Nein-Wahl (Nein = verzichten);ja (darf einmal);ja (1);"ja, Richtung ist geheim; genau einmal";Bildschirm 'Ansage' (Schritt beginnen): Nächster Schritt · 2 von 2 | Fährtenleser | Handelnd: 1 · A | Sag jetzt | „Fährtenleser, erwache. Willst du heute die Fährte lesen?“ ‖ Bildschirm 'Ja/Nein': Tu jetzt | Fährtenleser | Handelnd: 1 · A | Liest der Fährtenleser heute die Fährte? ‖ Bildschirm 'Gezeigt': Tu jetzt | Fährtenleser | Handelnd: 1 · A | Richtung: links | Zeige dem Fährtenleser die Richtung. Danach „Gezeigt“.;2 Bildschirme. 1) Titel 'Fährtenleser liest die Fährte?' Hilfe 'Ja oder Noch nicht.' 2) 'Karte zeigen' Richtung. Kein Beginnen, kein extra 'Gezeigt'.;nein;;3;"Einmal je Leben, jede Nacht gefragt, bis er es nutzt. | Zeigt links oder rechts zum nächsten Wolf, tote Plätze zählen mit. | Bei gleichem Abstand: „beide Seiten gleich weit“."
fenrir;Fenrir;Wird mit jeder überlebten Nacht mächtiger. Ab Stufe 3 überlebt er einmalig jeden Tod.;passiv (Morgenaufruf, Stufen);nicht gemessen (keine Nachtkarte der Rolle);keine Karte der Rolle in der Nacht;0;keine;keine;nicht anwendbar;nicht anwendbar;nein;nein;;keine Nachtkarte.;nein;;0;"+1 Stufe in jeder Morgenauflösung, in der er lebt. | Ab Stufe 3 überlebt er einmal jeden Tod, außer Spielleiterkorrekturen. | Eine Wiederbelebung setzt Stufe und Schutz zurück."
feuerteufel;Feuerteufel;"Wählt ein Ziel; beim Tod des Ziels verbrennen auch die Nachbarn.";jede Nacht;gemessen: Nacht 1;1. Bildschirm 'Ansage' (Schritt beginnen) [Schritt beginnen] → 2. Bildschirm 'Auswahl' [Auswahl bestätigen, Markierung behalten, Abbrechen …, nach Auswahl: Auswahl leeren];3;0 bis 1 Personen (zulässig: 0 oder 1);genau 1 (andere lebende Person);ja ('Markierung behalten');nein (Text: wählt ein Ziel);nein;nein;Bildschirm 'Ansage' (Schritt beginnen): Nächster Schritt · 2 von 2 | Feuerteufel | Handelnd: 1 · A | Sag jetzt | „Feuerteufel, erwache. Zeige auf die Person, die du markieren willst.“ ‖ Bildschirm 'Auswahl': Tu jetzt | Feuerteufel | Handelnd: 1 · A | Tippe die neu markierte Person an. Sonst „Markierung behalten“. | Zulässige Anzahl gewählter Personen: 0 oder 1. | Noch niemand gewählt. Tippe im Sitzkreis auf eine Person.;1 Bildschirm. Titel: 'Feuerteufel markiert eine Person.' Hilfe: 'Tippe die Person. Die alte Markierung erlischt.' Kein Beginnen. 1 Tipp.;ja;"App: 0 oder 1 mit 'Niemand / verzichten' (Markierung behalten); Kartentext nennt kein Verzichten. Leichter Widerspruch.";1;"Jede Nacht genau eine andere Person, nie er selbst. Verzicht gibt es nicht. | Stirbt die Markierte, brennen die nächsten lebenden Nachbarn mit. | Nur eine Markierung je Feuerteufel. Stirbt er, erlischt sie."
giftwolf;Giftwolf;Darf zweimal im Spiel ein Ziel mit seinen Giftpranken angreifen. Dieses erfährt davon und stirbt zwei Tage später.;jede Nacht, höchstens zweimal je Leben;gemessen: Nacht 1;1. Bildschirm 'Ansage' (Schritt beginnen) [Schritt beginnen] → 2. Bildschirm 'Auswahl' [Auswahl bestätigen, Niemand / verzichten, Abbrechen …, nach Auswahl: Auswahl leeren];3;0 bis 1 Personen (zulässig: 0 oder 1);genau 1;ja ('Niemand / verzichten');ja (darf);nein;nein;Bildschirm 'Ansage' (Schritt beginnen): Nächster Schritt · 2 von 2 | Giftwolf | Handelnd: 1 · A | Sag jetzt | „Giftwolf, erwache. Willst du jemanden vergiften? Zeige auf die Person.“ ‖ Bildschirm 'Auswahl': Tu jetzt | Giftwolf | Handelnd: 1 · A | Tippe die Person an, die der Giftwolf vergiftet. Sie stirbt zwei Nächte später. Ohne Wahl: verzichten. | Zulässige Anzahl gewählter Personen: 0 oder 1. | Noch niemand gewählt. Tippe im Sitzkreis auf eine Person.;1 Bildschirm. Titel: 'Giftwolf vergiftet eine Person?' Hilfe: 'Tippe die Person oder wähle Nicht heute.' Kein Beginnen. 1 Tipp.;nein;;1;"Zwei Giftpranken je Leben, höchstens eine pro Nacht, freiwillig. | Das Ziel erfährt es sofort und stirbt am Morgen nach Nacht N+2. | Unaufhaltsam, nur ein früherer Tod beendet es. Die Dorfwache stirbt daran."
grabraeuber;Grabräuber;Kann einmalig die Fähigkeit eines toten Spielers stehlen. Gewinnt alleine.;bedingt: tote Person mit Nachtschritt, einmalig;gemessen: Bedingung herbeigeführt (viele Tote), Nacht 1;1. Bildschirm 'Ansage' (Schritt beginnen) [Schritt beginnen] → 2. Bildschirm 'Auswahl' [Auswahl bestätigen, Niemand / verzichten, Abbrechen …, nach Auswahl: Auswahl leeren];3;0 bis 1 Personen (zulässig: 0 oder 1);genau 1 Toter;ja ('Niemand / verzichten');ja (kann);nein;nein;Bildschirm 'Ansage' (Schritt beginnen): Nächster Schritt · 3 von 5 | Grabräuber | Handelnd: 1 · A | Sag jetzt | „Grabräuber, erwache. Willst du das Grab eines Toten plündern? Zeige auf ihn.“ ‖ Bildschirm 'Auswahl': Tu jetzt | Grabräuber | Handelnd: 1 · A | Tippe die tote Person an, deren Nachtfähigkeit der Grabräuber stiehlt. Ohne Wahl: verzichten. | Zulässige Anzahl gewählter Personen: 0 oder 1. | Noch niemand gewählt. Tippe im Sitzkreis auf eine Person.;1 Bildschirm. Titel: 'Grabräuber stiehlt eine Fähigkeit?' Hilfe: 'Tippe die tote Person oder wähle Nicht heute.' Kein Beginnen. 1 Tipp.;nein;;1;"Einmal je Leben, wählt eine tote Person mit wiederkehrendem Nachtschritt. | Der Schritt gilt ab der nächsten Nacht dauerhaft, mit frischen Einsätzen. | Nicht wählbar: Loki, Chronistin, Todesprediger, Prophet, Schicksalswolf, Schutzgeist, Wolfskind, Lehrling."
hades;Hades;Sammelt Lebenslichter von Toten. Kauft Fähigkeiten und gewinnt bei 10 Lichtern.;jede Nacht als letzter Schritt, bedingt: Lichter;gemessen: Bedingung herbeigeführt (viele Tote), Nacht 2;1. Bildschirm 'Ansage' (Schritt beginnen) [Schritt beginnen] → 2. Bildschirm 'Auswahl' [Auswahl bestätigen, Niemand / verzichten, Abbrechen …, nach Auswahl: Auswahl leeren];3;0 bis 1 Personen (zulässig: 0 oder 1);0 oder 1 (Opfer holen, kostet Lichter);ja ('Niemand / verzichten');ja (kauft nach Wahl);nein;nein;Bildschirm 'Ansage' (Schritt beginnen): Nächster Schritt · 3 von 3 | Hades | Handelnd: 1 · A | Sag jetzt | „Hades, erwache. Willst du mit deinen Lichtern jemanden holen? Zeige auf die Person.“ ‖ Bildschirm 'Auswahl': Tu jetzt | Hades | Handelnd: 1 · A | Tippe das Opfer des Hades an (kostet Lichter). Ohne Opfer: verzichten. | Zulässige Anzahl gewählter Personen: 0 oder 1. | Noch niemand gewählt. Tippe im Sitzkreis auf eine Person.;1 Bildschirm. Titel: 'Hades holt eine Person?' Hilfe: 'Tippe die Person oder wähle Nicht heute.' Kein Beginnen. 1 Tipp.;nein;"Kartentext nennt auch 'Kauft Fähigkeiten'; die App zeigt nur den Schritt 'Opfer holen' (Kauf nicht als eigener Schritt gemessen).";1;"Jeder tatsächliche Tod einer anderen Person gibt 1 Licht, auch eigene Tötungen. | Tötung: höchstens eine pro Nacht, Tod am Morgen. Der Rudelschutz wirkt nicht, persönliche Schilde schon. | Barriere: höchstens eine aktive, verhindert seinen nächsten Tod. Bei 10 Lichtern Sieg."
henker;Henker;Wird nach drei Lynchungen aktiv. Markiert nächtlich ein Ziel, das zusätzlich nach Lynchung stirbt.;ab drei Hinrichtungen, jede Nacht;gemessen: Bedingung herbeigeführt (Hinrichtungen), Nacht 4;1. Bildschirm 'Ansage' (Schritt beginnen) [Schritt beginnen] → 2. Bildschirm 'Auswahl' [Auswahl bestätigen, Niemand / verzichten, Abbrechen …, nach Auswahl: Auswahl leeren];3;0 bis 1 Personen (zulässig: 0 oder 1);genau 1;ja ('Niemand / verzichten');nein? (Text: markiert nächtlich ein Ziel);nein;nein;Bildschirm 'Ansage' (Schritt beginnen): Nächster Schritt · 2 von 2 | Henker | Handelnd: 1 · A | Sag jetzt | „Henker, erwache. Zeige auf die Person, die bei der nächsten Hinrichtung mit stirbt.“ ‖ Bildschirm 'Auswahl': Tu jetzt | Henker | Handelnd: 1 · A | Tippe die Person an, die der Henker markiert. Ohne Wahl: verzichten. | Zulässige Anzahl gewählter Personen: 0 oder 1. | Noch niemand gewählt. Tippe im Sitzkreis auf eine Person.;1 Bildschirm. Titel: 'Henker markiert eine Person.' Hilfe: 'Tippe die Person. Sie stirbt bei der nächsten Hinrichtung mit.' Kein Beginnen. 1 Tipp.;ja;"App: 0 oder 1 mit 'Niemand / verzichten'; Kartentext nennt kein Verzichten. Leichter Widerspruch.";nicht gemessen;"Aktiv, sobald drei Hinrichtungen bestätigt wurden. Jede Nacht eine Person, kein Verzicht. | Sie stirbt bei der Hinrichtung des Folgetags mit, wenn der Henker lebt. | Ohne Hinrichtung am Folgetag verfällt die Markierung."
kartenschlucker;Kartenschlucker;Erhält jedes Mal einen Stapel, wenn ein Toter seine Karte austauscht. Bei 10 Stapeln gewinnt er sofort.;jede Nacht, nur mit Totenreichkarten und mindestens 2 Stapeln;nicht gemessen (Bedingung Totenreichkarten);"nicht gemessen: nur Tarnansage; der echte Schritt braucht Totenreichkarten und Stapel (siehe Lexikon)";0;keine;eine Aktion: nichts, Tötung (2 Stapel), Schild (5), Sieg (10);nicht anwendbar;ja (nichts);nein;nein;;Nicht gemessen (Bedingung Totenreichkarten, Stapel). Vorschlag: 1 Bildschirm 'Kartenschlucker zeigt Finger' mit vier Knöpfen Nichts / Tötung / Schild / Sieg, danach bei Tötung die Person. 1 bis 2 Tipps.;nein;;0;"Nur mit Totenreichkarten, jede Nacht nur mit mindestens 2 Stapeln. | Eine Aktion: nichts, 2 Stapel Tötung, 5 Stapel Schild, 10 Stapel Sieg. | Stapel gehören der Person, nicht der Rolle."
koenig;König;Sobald mehr Tote als Lebende existieren, lernt er in dieser Nacht einen Dorfbewohner (und dessen Rolle) kennen.;bedingt: erste Nacht mit mehr Toten als Lebenden (einmalig);gemessen: Bedingung herbeigeführt (viele Tote), Nacht 1;1. Bildschirm 'Ansage' (Schritt beginnen) [Schritt beginnen] → 2. Bildschirm 'Auswahl' [Auswahl bestätigen, Zufällig auswählen, Abbrechen …, nach Auswahl: Auswahl leeren] → 3. Bildschirm 'Gezeigt' [Gezeigt, Karte zeigen, Abbrechen …];5;"1 bis 1 Personen (zulässig: 1); keine (nur 'Gezeigt')";genau 1 (Dorfbewohner);nein;nein;ja (1);"ja, Rolle der Person ist geheim; genau einmal";Bildschirm 'Ansage' (Schritt beginnen): Nächster Schritt · 3 von 5 | König | Handelnd: 1 · A | Sag jetzt | „König, erwache. Zeige auf eine Person aus dem Dorf, deren Rolle du erfahren willst.“ ‖ Bildschirm 'Auswahl': Tu jetzt | König | Handelnd: 1 · A | Tippe die Dorfperson an, auf die der König zeigt, und bestätige. | Zulässige Anzahl gewählter Personen: 1. | Noch niemand gewählt. Tippe im Sitzkreis auf eine Person. | Zufällig auswählen ist hier nicht möglich: Es gibt keine zulässige Auswahl. ‖ Bildschirm 'Gezeigt': Tu jetzt | König | Handelnd: 1 · A | Rolle: Verdammniswächter | Gewählte Person: 18 · R | Zeige dem König die Rolle der Person. Danach „Gezeigt“.;2 Bildschirme. 1) Titel 'Der König lernt eine Person aus dem Dorf kennen.' Hilfe 'Tippe die Person.' 2) 'Karte zeigen' Rolle. Kein Beginnen, kein extra 'Gezeigt'.;nein;;4;"Einmal je Leben, in der ersten Nacht mit mehr Toten als Lebenden. | Der Spielleiter wählt eine lebende Person aus dem Dorf. | Gibt es keine, entfällt der Schritt und die Fähigkeit bleibt ungenutzt."
koenig-lykaon;König Lykaon;Wähle in der ersten Nacht einen verbündeten Wolf. Gemeinsam entscheidet ihr, welcher Dorfbewohner es wert ist, einer von euch zu werden. Dieser wird dann zu einem Trugbilderwolf.;"Nacht 1 (Text); App: jede Nacht bis zur Nutzung";gemessen: Nacht 1;1. Bildschirm 'Ansage' (Schritt beginnen) [Schritt beginnen] → 2. Bildschirm 'Auswahl' [Auswahl bestätigen, Verschieben, Abbrechen …, nach Auswahl: Auswahl leeren] → 3. Bildschirm 'Auswahl' [Auswahl bestätigen, Abbrechen …, nach Auswahl: Auswahl leeren];5;"0 bis 1 Personen (zulässig: 0 oder 1); 1 bis 1 Personen (zulässig: 1)";genau 1 verbündeter Wolf, dann genau 1 Dorfperson;"ja ('Verschieben'); nein";nein (Text: wähle in der ersten Nacht);nein;nein;Bildschirm 'Ansage' (Schritt beginnen): Nächster Schritt · 2 von 2 | König Lykaon | Handelnd: 1 · A | Sag jetzt | „König Lykaon, erwache. Wähle einen Verbündeten und ein Opfer deiner Verwandlung.“ ‖ Bildschirm 'Auswahl': Tu jetzt | König Lykaon | Handelnd: 1 · A | Tippe den verbündeten Wolf an. „Verschieben“ ist höchstens dreimal möglich. | Zulässige Anzahl gewählter Personen: 0 oder 1. | Noch niemand gewählt. Tippe im Sitzkreis auf eine Person. ‖ Bildschirm 'Auswahl': Tu jetzt | König Lykaon | Handelnd: 1 · A | Verbündeter: 2 · B | Tippe die Dorfperson an, die zum Trugbilderwolf wird, und bestätige. | Zulässige Anzahl gewählter Personen: 1. | Noch niemand gewählt. Tippe im Sitzkreis auf eine Person.;2 Bildschirme, nur wenn ein Verbündeter lebt. 1) 'Lykaon wählt einen verbündeten Wolf.' 2) 'Ihr wählt, wer zum Wolf wird.' Kein Beginnen, kein Verzichten. 2 Tipps.;ja;"App fragt jede Nacht bis zu viermal und erlaubt dreimal Verzicht (0 oder 1); Kartentext: erste Nacht, 'Wähle'. Entscheidung dazu im DECISION-LOG prüfen.";2;"Einmal je Leben in den ersten drei Nächten, nur wenn ein anderer Wolf lebt. | In Nacht 1 und 2 darf er verschieben, in Nacht 3 muss er wählen. | Die Person wird Trugbilderwolf und wacht ab der folgenden Nacht mit dem Rudel auf."
kopfgeldjaeger;Kopfgeldjäger;Sobald ein Werwolf gelyncht wird, sieht er drei Spieler (einer davon ist ein Werwolf).;Nacht nach der Hinrichtung eines Wolfs;gemessen: Bedingung herbeigeführt (Hinrichtungen), Nacht 2;1. Bildschirm 'Ansage' (Schritt beginnen) [Schritt beginnen] → 2. Bildschirm 'Auswahl' [Auswahl bestätigen, Zufällig auswählen, Abbrechen …, nach Auswahl: Auswahl leeren] → 3. Bildschirm 'Gezeigt' [Gezeigt, Karte zeigen, Abbrechen …];7;"3 bis 3 Personen (zulässig: 3); keine (nur 'Gezeigt')";genau 3 (mindestens 1 Wolf);nein;nein;ja (1);"ja, Namensliste ist geheim; genau einmal";Bildschirm 'Ansage' (Schritt beginnen): Nächster Schritt · 2 von 2 | Kopfgeldjäger | Handelnd: 1 · A | Sag jetzt | „Kopfgeldjäger, erwache. Hier ist deine Liste.“ ‖ Bildschirm 'Auswahl': Tu jetzt | Kopfgeldjäger | Handelnd: 1 · A | Wölfe unter den Wählbaren (mindestens einen wählen): 3 · C, 4 · D, 5 · E | Nur für dich: Wähle drei andere Lebende mit mindestens einem Wolf für die Liste. | Zulässige Anzahl gewählter Personen: 3. | Noch niemand gewählt. Tippe im Sitzkreis auf eine Person. | Zufällig auswählen ist hier nicht möglich: Es gibt keine zulässige Auswahl. ‖ Bildschirm 'Gezeigt': Tu jetzt | Kopfgeldjäger | Handelnd: 1 · A | Gewählte Personen: 3 · C, 4 · D, 5 · E | Zeige dem Kopfgeldjäger die drei Namen. Danach „Gezeigt“.;2 Bildschirme. 1) Titel 'Kopfgeldjäger bekommt eine Liste.' Hilfe 'Tippe drei Personen, mindestens ein Wolf, oder Zufall.' 2) 'Karte zeigen' mit der Liste. Kein Beginnen, kein extra 'Gezeigt'.;nein;;nicht gemessen;"Jede Hinrichtung eines Wolfs ergibt eine Liste in einer folgenden Nacht. | Der Spielleiter wählt drei andere Lebende, mindestens einen Wolf. | Angezeigt wird nur „mindestens ein Wolf“. Spiegelung und Cerberus-Abwehr zählen nicht."
korrupter-richter;Korrupter Richter;"Kann einen Spieler für den Tag markieren; dieser ist automatisch mit +1 Stimme nominiert.";jede Nacht (freiwillig);gemessen: Nacht 1;1. Bildschirm 'Auswahl' [Auswahl bestätigen, Niemand / verzichten, Abbrechen …, nach Auswahl: Auswahl leeren];2;0 bis 1 Personen (zulässig: 0 oder 1);genau 1 (auch der Richter selbst);ja ('Niemand / verzichten');ja (kann);nein;nein;Bildschirm 'Auswahl': Tu jetzt | Korrupter Richter | Handelnd: 1 · A | Tippe die Person an, die der Richter markiert (auch sich selbst). Ohne Wahl: verzichten. | Zulässige Anzahl gewählter Personen: 0 oder 1. | Noch niemand gewählt. Tippe im Sitzkreis auf eine Person.;1 Bildschirm. Titel: 'Korrupter Richter markiert eine Person?' Hilfe: 'Tippe die Person oder wähle Nicht heute.' 1 Tipp.;nein;;1;"Jede Nacht freiwillig, höchstens eine Markierung, die alte wird gelöscht. | Die Markierte gilt am Tag als nominiert, mit +1 Stimme. | Stimmen zählt der Spielleiter selbst."
kriegerin-des-lichts;Kriegerin des Lichts;Greift einmalig nachts direkt an und wählt einen Spieler. Der Spielleiter sagt, ob dieser Spieler ein Wolf ist. Ist er keiner, stirbt sie selbst.;jede Nacht bis zur Nutzung (einmalig);gemessen: Nacht 1;1. Bildschirm 'Ansage' (Schritt beginnen) [Schritt beginnen] → 2. Bildschirm 'Auswahl' [Auswahl bestätigen, Kein Angriff in dieser Nacht, Abbrechen …, nach Auswahl: Auswahl leeren] → 3. Bildschirm 'Gezeigt' [Gezeigt, Karte zeigen, Abbrechen …];5;"0 bis 1 Personen (zulässig: 0 oder 1); keine (nur 'Gezeigt')";genau 1 (andere lebende Person);ja ('Kein Angriff in dieser Nacht');ja (einmalig);ja (1);"ja, Ergebnis Wolf ja/nein ist geheim; genau einmal";Bildschirm 'Ansage' (Schritt beginnen): Nächster Schritt · 2 von 2 | Kriegerin des Lichts | Handelnd: 1 · A | Sag jetzt | „Kriegerin des Lichts, erwache. Willst du heute angreifen? Zeige auf die Person.“ ‖ Bildschirm 'Auswahl': Tu jetzt | Kriegerin des Lichts | Handelnd: 1 · A | Tippe die Person an, die die Kriegerin angreift. Ohne Angriff: verzichten. | Zulässige Anzahl gewählter Personen: 0 oder 1. | Noch niemand gewählt. Tippe im Sitzkreis auf eine Person. ‖ Bildschirm 'Gezeigt': Tu jetzt | Kriegerin des Lichts | Handelnd: 1 · A | Wolf: Nein | Gewählte Person: 12 · L | Zeige der Kriegerin, ob sie einen Wolf getroffen hat. Danach „Gezeigt“.;2 Bildschirme. 1) Titel 'Kriegerin des Lichts greift an?' Hilfe 'Tippe die Person oder wähle Nicht heute.' 2) 'Karte zeigen' mit dem Ergebnis. Kein Beginnen, kein extra 'Gezeigt'.;nein;;3;"Einmal je Leben, freiwillig, eine andere lebende Person. | Nur sie erfährt, ob das Ziel ein Wolf ist. Ein Wolf überlebt. | Ist das Ziel kein Wolf, stirbt die Kriegerin am Morgen."
kutscher;Kutscher;Wenn mindestens 10 Spieler tot sind, kann er drei Tote wiederbeleben — einer davon wird Wolf.;bedingt: mindestens 10 Tote (einmalig);gemessen: Bedingung herbeigeführt (viele Tote), Nacht 1;1. Bildschirm 'Ansage' (Schritt beginnen) [Schritt beginnen] → 2. Bildschirm 'Auswahl' [Auswahl bestätigen, Niemand / verzichten, Abbrechen …, nach Auswahl: Auswahl leeren] → 3. Bildschirm 'Auswahl' [Auswahl bestätigen, Abbrechen …, nach Auswahl: Auswahl leeren];7;"0 bis 3 Personen (zulässig: 0 oder 3); 1 bis 1 Personen (zulässig: 1)";genau 3 Tote, davon 1 Wolf;"ja ('Niemand / verzichten'); nein";ja (kann);nein;nein;Bildschirm 'Ansage' (Schritt beginnen): Nächster Schritt · 2 von 5 | Kutscher | Handelnd: 1 · A | Sag jetzt | „Kutscher, erwache. Willst du drei Tote zurückholen? Zeige auf sie.“ ‖ Bildschirm 'Auswahl': Tu jetzt | Kutscher | Handelnd: 1 · A | Tippe genau drei Tote an, die zurückkehren, oder verzichte ganz. | Zulässige Anzahl gewählter Personen: 0 oder 3. | Noch niemand gewählt. Tippe im Sitzkreis auf eine Person. ‖ Bildschirm 'Auswahl': Tu jetzt | Kutscher | Handelnd: 1 · A | Gewählte Personen: 11 · K, 12 · L, 13 · M | Tippe an, wer von den dreien als Wolf zurückkehrt. | Zulässige Anzahl gewählter Personen: 1. | Noch niemand gewählt. Tippe im Sitzkreis auf eine Person.;2 Bildschirme. 1) 'Kutscher holt drei Tote zurück?' Drei Tote antippen oder Nicht heute. 2) 'Wer wird Wolf?' 1 antippen. Kein Beginnen. 4 Tipps.;nein;;4;"Einmal je Leben, freiwillig, ab einer Nacht mit mindestens 10 Toten. | Drei Tote kehren zurück, einer davon als Werwolf (er bestimmt wer). | Sie handeln ab der folgenden Nacht, am Morgen öffentlich sichtbar."
lehrling;Lehrling;Wählt einen Mentor und übernimmt die Rolle nach dessen Tod.;erste verfügbare Nacht ohne Bindung (Pflicht);gemessen: Nacht 1;1. Bildschirm 'Auswahl' [Auswahl bestätigen, Abbrechen …, nach Auswahl: Auswahl leeren] → 2. Bildschirm 'Optionsliste' [Option 1, Option 2, Option 3, Karte zeigen, Abbrechen …] → 3. Bildschirm 'Gezeigt' [Bestätigen, Karte zeigen, Abbrechen …];7;"3 bis 3 Personen (zulässig: 3); 1 aus 3 Optionen; keine (nur 'Gezeigt')";Text: Lehrling wählt 1 Mentor;nein;nein;ja (2);"ja, die drei Rollen sieht nur der Lehrling; genau einmal, Karte schließt selbst";Bildschirm 'Auswahl': Tu jetzt | Lehrling | Handelnd: 1 · A | Nur für dich: Wähle drei andere lebende Personen, deren Rollen der Lehrling zur Wahl bekommt. | Zulässige Anzahl gewählter Personen: 3. | Noch niemand gewählt. Tippe im Sitzkreis auf eine Person. ‖ Bildschirm 'Optionsliste': Tu jetzt | Lehrling | Handelnd: 1 · A | Zeige dem Lehrling die drei Rollen (ohne Namen) und tippe seine Wahl an. ‖ Bildschirm 'Gezeigt': Tu jetzt | Lehrling | Handelnd: 1 · A | Bestätige die Wahl des Lehrlings. Erst jetzt entsteht die Bindung.;2 Bildschirme. 1) Spielleiter tippt drei Personen (gilt sofort nach dem dritten). 2) 'Karte zeigen' mit den drei Rollen, Lehrling zeigt auf eine, Spielleiter tippt 'Option 1 bis 3' (gilt sofort). Kein extra 'Bestätigen'.;ja;App-Ablauf weicht vom Kartentext ab: Spielleiter wählt erst drei Personen, der Lehrling wählt dann eine Rolle (nicht den Mentor direkt).;1;"Pflicht, in der ersten Nacht ohne Bindung. Er sieht Namen, keine Rollen. | Stirbt der Meister, erbt er die Rolle sofort, Nachtfähigkeiten ab der folgenden Nacht. | Stirbt der Lehrling zuerst, verfällt die Bindung."
loki;Loki;Eros und Eris leihen dir ihre Kraft. Verbinde einmalig zwei Seelen als unzertrennliche Liebende — oder verfluche zwei als ewige Rivalen.;nur Nacht 1;gemessen: Nacht 1;1. Bildschirm 'Auswahl' [Auswahl bestätigen, Niemand / verzichten, Abbrechen …, nach Auswahl: Auswahl leeren] → 2. Bildschirm 'Ja/Nein' [Liebende, Rivalen, Abbrechen …] → 3. Bildschirm 'Privater Hinweis' [Karte zeigen, Gezeigt] → 4. Bildschirm 'Privater Hinweis' [Karte zeigen, Gezeigt];8;"0 bis 2 Personen (zulässig: 0 oder 2); Ja/Nein";genau 2 (Text: 'Verbinde zwei Seelen');"ja ('Niemand / verzichten'); Ja/Nein-Wahl (Nein = verzichten)";nein;ja (2);"ja, jede der zwei Personen erfährt privat Partner und Art; je Person einmal";Bildschirm 'Auswahl': Tu jetzt | Loki | Handelnd: 1 · A | Tippe genau zwei Personen an (Loki darf sich selbst wählen) oder verzichte ganz. | Zulässige Anzahl gewählter Personen: 0 oder 2. | Noch niemand gewählt. Tippe im Sitzkreis auf eine Person. ‖ Bildschirm 'Ja/Nein': Tu jetzt | Loki | Handelnd: 1 · A | Gewählte Personen: 11 · K, 12 · L | Werden die beiden Liebende oder Rivalen? ‖ Bildschirm 'Privater Hinweis': Hinweis, noch 2 offen | Privater Hinweis | Für: 11 · K | Zeige die Karte nur den genannten Personen. Bestätige danach, dass sie gezeigt wurde. ‖ Bildschirm 'Privater Hinweis': Hinweis, noch 1 offen | Privater Hinweis | Für: 12 · L | Zeige die Karte nur den genannten Personen. Bestätige danach, dass sie gezeigt wurde.;3 Bildschirme. 1) Entscheidung zuerst: Titel 'Loki verbindet zwei Personen.' Hilfe 'Liebende oder Rivalen?' (Tipp = übernommen). 2) Zwei Personen antippen (nach der zweiten gilt sofort, 3 s rückgängig). 3) Ein Bildschirm mit beiden Namen 'Karte zeigen' nacheinander, 'Weiter'. Kein Verzichten, kein Bestätigen, kein 'Auswahl leeren'.;ja;"App und Entscheidung B-05 (DECISION-LOG) erlauben Verzicht (0 oder 2); Kartentext: 'Verbinde einmalig zwei Seelen'. Markus' Rückmeldung (Loki wählt immer genau 2) widerspricht B-05: Entscheidung nötig.";7;"Loki darf sich selbst wählen. | Liebende: Stirbt einer, stirbt der andere aus Liebeskummer mit. | Rivalen: Keiner kann gewinnen, solange der andere lebt."
maertyrerin;Märtyrerin;Kann sich selbst opfern, um das Nachtopfer zu retten.;Ende der Nacht, bedingt: Rudelopfer würde sterben;gemessen: Bedingung herbeigeführt (viele Tote), Nacht 2;1. Bildschirm 'Ansage' (Schritt beginnen) [Schritt beginnen] → 2. Bildschirm 'Auswahl' [Auswahl bestätigen, Opfert sich nicht, Abbrechen …, nach Auswahl: Auswahl leeren];3;0 bis 1 Personen (zulässig: 0 oder 1);0 oder 1 (Text: kann sich opfern);ja ('Opfert sich nicht');ja (kann);nein;nein;Bildschirm 'Ansage' (Schritt beginnen): Nächster Schritt · 2 von 2 | Märtyrerin | Handelnd: 1 · A | Sag jetzt | „Märtyrerin, erwache. Willst du dich für das Opfer der Nacht opfern?“ ‖ Bildschirm 'Auswahl': Tu jetzt | Märtyrerin | Handelnd: 1 · A | Opfert sich die Märtyrerin für diese Person? Dann Person antippen und bestätigen. | Zulässige Anzahl gewählter Personen: 0 oder 1. | Noch niemand gewählt. Tippe im Sitzkreis auf eine Person.;1 Bildschirm, nur wenn ein Rudelopfer da ist. Titel: 'Märtyrerin opfert sich für das Opfer?' Hilfe: 'Ja oder Nein.' Ja/Nein statt Person, da das Opfer feststeht. Kein Beginnen. 1 Tipp.;nein;"App fragt per Personenwahl (Person antippen + Bestätigen oder 'Opfert sich nicht'); Ja/Nein wäre einfacher, da die Person feststeht.";1;"Nur am Ende der Nacht und nur, wenn das erste Rudelopfer wirklich sterben würde. | Greift ein Schutz, wird sie nicht gefragt. | Opfert sie sich, stirbt sie als Ersatzopfer. Der Fluch des Weisen verhindert es."
manipulator;Manipulator;Gewinnt, wenn er es bis in die Final 3 schafft, ohne je nominiert worden zu sein. Sobald er nominiert wird, stirbt er sofort.;passiv (bei Nominierung, Sieg bei genau 3 Lebenden);nicht gemessen (keine Nachtkarte der Rolle);keine Karte der Rolle in der Nacht;0;keine;keine;nicht anwendbar;nicht anwendbar;nein;nein;;keine Nachtkarte.;nein;;0;"Wird er nominiert, stirbt er sofort. Der Tag bleibt aktiv. | Siegt, wenn genau drei Personen leben und er nie nominiert wurde. | „Nie nominiert“ bleibt auch nach Wiederbelebung und Rollenwechsel."
nachtwaechter;Nachtwächter;Bewacht die Grenzen und spürt, wenn ein Nachbar nicht ins Dorf gehört. Es ertönen öffentlich die Alarmglocken.;passiv (jeden Morgen);nicht gemessen (keine Nachtkarte der Rolle);keine Karte der Rolle in der Nacht;0;keine;keine;nicht anwendbar;nicht anwendbar;nein;nein;;keine Nachtkarte. Öffentliche Glocken am Morgen.;nein;;0;"Jeden Morgen nach der Morgenauflösung, solange er lebt. | Sitzt ein Wolf oder Einzelsieger direkt neben ihm, läuten die Glocken, ohne Namen. | Nachbarn sind die nächsten Lebenden, tote Plätze werden übersprungen."
nekromant;Nekromant;"Mit mindestens drei Toten kann er nachts drei Stimmen opfern und ein Schild errichten, das die nächste Tötung (beliebig) verhindert; ungenutzt verfällt es mit der nächsten Nacht. Wird er nachts angegriffen, kann er alternativ drei Tote wählen und den Kill umlenken. Gewinnt allein, wenn er am Tag einen lebenden Werwolf korrekt benennt.";"jede Nacht (Schild), bei Angriff Umlenkung, Tag: Wolf benennen; bedingt: mindestens 3 Tote";gemessen: Bedingung herbeigeführt (viele Tote), Nacht 1;1. Bildschirm 'Ansage' (Schritt beginnen) [Schritt beginnen] → 2. Bildschirm 'Auswahl' [Auswahl bestätigen, Keine Toten opfern, Abbrechen …, nach Auswahl: Auswahl leeren];5;0 bis 3 Personen (zulässig: 0 oder 3);genau 3 Tote (oder keiner);ja ('Keine Toten opfern');ja (kann);nein;nein;Bildschirm 'Ansage' (Schritt beginnen): Nächster Schritt · 2 von 5 | Nekromant | Handelnd: 1 · A | Sag jetzt | „Nekromant, erwache. Willst du Tote opfern? Zeige auf drei von ihnen.“ ‖ Bildschirm 'Auswahl': Tu jetzt | Nekromant | Handelnd: 1 · A | Tippe genau drei ungeopferte Tote an oder verzichte ganz. | Zulässige Anzahl gewählter Personen: 0 oder 3. | Noch niemand gewählt. Tippe im Sitzkreis auf eine Person.;1 Bildschirm. Titel: 'Nekromant opfert drei Tote?' Hilfe: 'Tippe drei Tote oder wähle Nicht heute.' (nach dem dritten Tipp sofort, 3 s rückgängig). Kein Beginnen. 3 Tipps.;nein;;3;"Schild: drei Tote opfern, verhindert den nächsten Tod jeder Art, verfällt mit der nächsten Nacht. | Umlenkung nur, wenn der Rudelangriff ihn töten würde. Verzichtet er, stirbt er. | Jede tote Person lässt sich nur einmal opfern. Am Tag: ein Versuch, einen Wolf zu nennen."
parasit;Parasit;Wacht jede Nacht auf und kann sich an einen lebenden Spieler heften. Er stirbt nur, wenn sein Wirt stirbt. Gewinnt, wenn er die Final 3 erreicht.;jede Nacht;gemessen: Nacht 1;1. Bildschirm 'Ansage' (Schritt beginnen) [Schritt beginnen] → 2. Bildschirm 'Auswahl' [Auswahl bestätigen, Wirt behalten, Abbrechen …, nach Auswahl: Auswahl leeren];3;0 bis 1 Personen (zulässig: 0 oder 1);genau 1 (andere lebende Person);ja ('Wirt behalten');ja (kann);nein;nein;Bildschirm 'Ansage' (Schritt beginnen): Nächster Schritt · 2 von 2 | Parasit | Handelnd: 1 · A | Sag jetzt | „Parasit, erwache. Willst du einen neuen Wirt wählen? Zeige auf die Person.“ ‖ Bildschirm 'Auswahl': Tu jetzt | Parasit | Handelnd: 1 · A | Tippe den neuen Wirt an. Sonst „Wirt behalten“. | Zulässige Anzahl gewählter Personen: 0 oder 1. | Noch niemand gewählt. Tippe im Sitzkreis auf eine Person.;1 Bildschirm. Titel: 'Parasit wählt einen Wirt.' Hilfe: 'Tippe die Person oder bleibe beim alten Wirt.' Kein Beginnen. 1 Tipp.;nein;;1;"Jede Nacht neuer Wirt oder beim alten bleiben. | Mit lebendem Wirt überlebt er jede Todesursache, nur der Tod des Wirts tötet ihn. | Siegt in den Final 3. Der Apfel wirkt nicht bei ihm."
pestbringerin;Pestbringerin;Verbreitet jede Nacht eine tödliche Seuche, die sich ausbreitet.;jede Nacht;gemessen: Nacht 1;1. Bildschirm 'Ansage' (Schritt beginnen) [Schritt beginnen] → 2. Bildschirm 'Auswahl' [Auswahl bestätigen, Abbrechen …, nach Auswahl: Auswahl leeren] → 3. Bildschirm 'Privater Hinweis' [Karte zeigen, Gezeigt];5;1 bis 1 Personen (zulässig: 1);genau 1 (gesunde, lebende Person);nein;nein;ja (1);"ja, Hinweis 'Infiziert' ist privat; je betroffener Person einmal";Bildschirm 'Ansage' (Schritt beginnen): Nächster Schritt · 2 von 2 | Pestbringerin | Handelnd: 1 · A | Sag jetzt | „Pestbringerin, erwache. Zeige auf die Person, die du infizieren willst.“ ‖ Bildschirm 'Auswahl': Tu jetzt | Pestbringerin | Handelnd: 1 · A | Tippe die Person an, die die Pestbringerin infiziert, und bestätige. | Zulässige Anzahl gewählter Personen: 1. | Noch niemand gewählt. Tippe im Sitzkreis auf eine Person. ‖ Bildschirm 'Privater Hinweis': Hinweis, noch 1 offen | Privater Hinweis | Für: 12 · L | Zeige die Karte nur den genannten Personen. Bestätige danach, dass sie gezeigt wurde.;2 Bildschirme. 1) Titel 'Pestbringerin steckt eine Person an.' Hilfe 'Tippe die Person.' 2) 'Karte zeigen' für die Person. Kein Beginnen, kein extra 'Gezeigt'.;nein;;6;"Jede Nacht eine andere lebende, gesunde Person. | Zu Beginn jeder Morgenauflösung steckt jede Infizierte einen Nachbarn an (Zufall). | Die Seuche ist nicht tödlich. Der Apfel verdoppelt den Schritt."
prophet-des-untergangs;Prophet des Untergangs;Markiert drei Spieler. Wenn alle tot sind, erhält er die Fähigkeit, jede Nacht zu töten — und gewinnt alleine.;Nacht 1 markieren (3), danach jede Nacht töten sobald freigeschaltet;gemessen: Nacht 1;1. Bildschirm 'Ansage' (Schritt beginnen) [Schritt beginnen] → 2. Bildschirm 'Auswahl' [Auswahl bestätigen, Abbrechen …, nach Auswahl: Auswahl leeren];5;3 bis 3 Personen (zulässig: 3);"Nacht 1 genau 3; danach genau 1";nein;"Nacht 1 nein; später ja";nein;nein;Bildschirm 'Ansage' (Schritt beginnen): Nächster Schritt · 2 von 2 | Prophet des Untergangs | Handelnd: 1 · A | Sag jetzt | „Prophet des Untergangs, erwache. Zeige auf die Personen deiner Prophezeiung.“ ‖ Bildschirm 'Auswahl': Tu jetzt | Prophet des Untergangs | Handelnd: 1 · A | In Nacht 1 genau drei Personen markieren, später eine Person töten oder verzichten. | Zulässige Anzahl gewählter Personen: 3. | Noch niemand gewählt. Tippe im Sitzkreis auf eine Person.;1 Bildschirm. Titel: 'Der Prophet markiert drei Personen.' Hilfe: 'Tippe drei Personen.' (gilt nach dem dritten Tipp, 3 s rückgängig). Kein Beginnen. 3 Tipps.;nein;;3;"Nacht 1: genau drei andere Lebende markieren. | Sind alle drei tot, tötet er jede Nacht freiwillig eine Person, Tod am Morgen. | Der Rudelschutz wirkt nicht, persönliche Schilde schon."
rachsuechtiger-wolf;Rachsüchtiger Wolf;Jedermann ist dein Feind. Du wachst neben den Werwölfen zusätzlich jede dritte Nacht auf und hast die Möglichkeit, einen anderen Werwolf zu reißen. Du willst alleine gewinnen.;Nächte 3, 6, 9 … (zusätzlich zum Rudel);gemessen: Nacht 3;1. Bildschirm 'Ansage' (Schritt beginnen) [Schritt beginnen] → 2. Bildschirm 'Auswahl' [Auswahl bestätigen, Niemand / verzichten, Abbrechen …, nach Auswahl: Auswahl leeren];3;0 bis 1 Personen (zulässig: 0 oder 1);genau 1 (anderer Wolf);ja ('Niemand / verzichten');ja (hat die Möglichkeit);nein;nein;Bildschirm 'Ansage' (Schritt beginnen): Nächster Schritt · 2 von 2 | Rachsüchtiger Wolf | Handelnd: 1 · A | Sag jetzt | „Rachsüchtiger Wolf, erwache. Willst du einen anderen Wolf reißen? Zeige auf ihn.“ ‖ Bildschirm 'Auswahl': Tu jetzt | Rachsüchtiger Wolf | Handelnd: 1 · A | Tippe den Wolf an, den der Rachsüchtige Wolf reißt. Er stirbt am Morgen. Ohne Wahl: verzichten. | Zulässige Anzahl gewählter Personen: 0 oder 1. | Noch niemand gewählt. Tippe im Sitzkreis auf eine Person.;1 Bildschirm in den Nächten 3, 6, 9. Titel: 'Rachsüchtiger Wolf reißt einen Wolf?' Hilfe: 'Tippe den Wolf oder wähle Nicht heute.' Kein Beginnen. 1 Tipp.;nein;;1;"Nur in den Nächten 3, 6, 9 …, freiwillig, einen anderen Wolf. | Kein Rudelangriff: Der Schutzengel wirkt nicht, persönliche Schilde schon. | Er zählt als Wolf. Ist er der letzte Wolf, wird sein Alleinsieg vorgeschlagen."
rattenfaenger;Rattenfänger;Du spielst jede Nacht dein Lied und verzauberst 1 oder 2 Spieler. Sobald alle lebenden Spieler in deinem Bann sind, gewinnst du die Runde.;jede Nacht;gemessen: Nacht 1;1. Bildschirm 'Ansage' (Schritt beginnen) [Schritt beginnen] → 2. Bildschirm 'Auswahl' [Auswahl bestätigen, Abbrechen …, nach Auswahl: Auswahl leeren] → 3. Bildschirm 'Privater Hinweis' [Karte zeigen, Gezeigt];6;1 bis 2 Personen (zulässig: 1 oder 2);1 oder 2 (noch nicht verzauberte Lebende);nein;nein;ja (1);"ja, Hinweis 'Verzaubert' ist privat; je betroffener Person einmal";Bildschirm 'Ansage' (Schritt beginnen): Nächster Schritt · 2 von 3 | Rattenfänger | Handelnd: 1 · A | Sag jetzt | „Rattenfänger, erwache. Zeige auf eine oder zwei Personen, die du verzaubern willst.“ ‖ Bildschirm 'Auswahl': Tu jetzt | Rattenfänger | Handelnd: 1 · A | Tippe eine oder zwei Personen an, die der Rattenfänger verzaubert, und bestätige. | Zulässige Anzahl gewählter Personen: 1 oder 2. | Noch niemand gewählt. Tippe im Sitzkreis auf eine Person. ‖ Bildschirm 'Privater Hinweis': Hinweis, noch 1 offen | Privater Hinweis | Für: 11 · K, 12 · L | Zeige die Karte nur den genannten Personen. Bestätige danach, dass sie gezeigt wurde.;2 Bildschirme. 1) Titel 'Rattenfänger verzaubert 1 oder 2 Personen.' Hilfe 'Tippe 1 oder 2 Personen, dann Weiter.' 2) 'Karte zeigen' je verzauberte Person. Kein Beginnen, kein extra 'Gezeigt'.;nein;;5;"Jede Nacht 1 oder 2 andere Lebende, die noch nicht verzaubert sind. | Die Verzauberung bleibt dauerhaft, auch die Puppe hebt sie nicht auf. | Sind alle Lebenden verzaubert, gewinnt er. Der Apfel verdoppelt den Schritt."
ritter;Ritter;Tötet beim Sterben in der Nacht den nächstliegenden Werwolf.;Tod durch Rudelangriff (automatisch, einmalig);nicht gemessen (keine Nachtkarte der Rolle);keine Karte der Rolle in der Nacht;0;keine;keine (nächster Wolf, bei Gleichstand der Spielleiter);nicht anwendbar;nicht anwendbar;nein;nein;;keine Nachtkarte. Nur bei Gleichstand der Entfernung eine Wahl, sonst automatisch.;nein;;0;"Einmal je Leben, nur bei einem Tod durch den Rudelangriff, nicht durch Gift. | Trifft die nächste lebende Person, die als Wolf zählt, tote Plätze zählen mit. | Bei Gleichstand wählt der Spielleiter. Im Fluch des Weisen ruht es."
rotkaeppchen;Rotkäppchen;Jede Nacht sucht sie bei einem anderen Spieler Zuflucht. Gewährt er sie, erhält er einen Apfel: Seine nächste Fähigkeit wird doppelt ausgeführt. Außerdem verbindet beide eine Todeskette — stirbt einer, stirbt der andere mit.;jede Nacht;gemessen: Nacht 1;1. Bildschirm 'Ansage' (Schritt beginnen) [Schritt beginnen] → 2. Bildschirm 'Auswahl' [Auswahl bestätigen, Abbrechen …, nach Auswahl: Auswahl leeren] → 3. Bildschirm 'Ja/Nein' [Zuflucht gewährt, Keine Zuflucht, Abbrechen …];4;"1 bis 1 Personen (zulässig: 1); Ja/Nein";genau 1 (andere lebende Person), die ablehnen darf;"nein; Ja/Nein-Wahl (Nein = verzichten)";nein (sie sucht jede Nacht Zuflucht);nein;nein;Bildschirm 'Ansage' (Schritt beginnen): Nächster Schritt · 2 von 2 | Rotkäppchen | Handelnd: 1 · A | Sag jetzt | „Rotkäppchen, erwache. Zeige auf die Person, bei der du Zuflucht suchst.“ ‖ Bildschirm 'Auswahl': Tu jetzt | Rotkäppchen | Handelnd: 1 · A | Tippe die Person an, bei der Rotkäppchen Zuflucht sucht, und bestätige. Lass Rotkäppchen danach die Augen schließen, tippe die gewählte Person unauffällig an und zeige ihr die nächste Karte auf dem Tablet. | Zulässige Anzahl gewählter Personen: 1. | Noch niemand gewählt. Tippe im Sitzkreis auf eine Person. ‖ Bildschirm 'Ja/Nein': Tu jetzt | Zuflucht | Gefragt: 12 · L | Jemand bittet dich um Zuflucht. Gewährst du sie, erhältst du einen Apfel (dein nächster Nachtschritt läuft doppelt) und ihr seid verkettet: Stirbt eine Person, stirbt die andere sofort mit. Du darfst ablehnen. Du erfährst nicht, wer fragt.;2 Bildschirme. 1) Titel 'Rotkäppchen bittet um Zuflucht.' Hilfe 'Tippe die Person.' 2) Die Person gewährt oder lehnt ab: zwei Knöpfe. Kein Beginnen. 2 Tipps.;nein;;2;"Jede Nacht eine andere lebende Person, auch ein Wolf. Sie darf ablehnen. | Gewährt sie Zuflucht: Todeskette, stirbt eine, stirbt die andere mit. | Apfel: Ihr nächster wiederkehrender Nachtschritt läuft doppelt, nur in der folgenden Nacht."
rudelvater;Rudelvater;Überlebt den ersten Tod, der nicht durch einen Wolfsangriff oder Lynch verursacht wird. Wird er jedoch gelyncht, dürfen die Werwölfe in der folgenden Nacht ein zusätzliches Opfer wählen. Dieser zweite Angriff ignoriert alle Schutzfähigkeiten.;passiv, nach seiner Hinrichtung zusätzlicher Rudelschritt;nicht gemessen (keine Nachtkarte der Rolle);keine Karte der Rolle in der Nacht;0;keine;keine;nicht anwendbar;nicht anwendbar;nein;nein;;keine Nachtkarte. Nach Hinrichtung ein zweiter Rudelschritt (wie der Rudelschritt des Werwolfs).;nein;;0;"Überlebt einmal je Leben den ersten Tod, der weder Rudelangriff noch Hinrichtung ist. | Wird er hingerichtet, gibt es in der folgenden Nacht einen zweiten Rudelschritt. | Dieses Zusatzopfer durchdringt den Schutz."
schattenhund;Schattenhund;Kann einmalig alle Dorf-Fähigkeiten für eine Nacht blockieren.;jede Nacht bis zur Nutzung (einmalig);gemessen: Nacht 1;1. Bildschirm 'Ja/Nein' [Jetzt blockieren, Nicht in dieser Nacht, Abbrechen …];1;Ja/Nein;keine;Ja/Nein-Wahl (Nein = verzichten);ja (kann einmalig);nein;nein;Bildschirm 'Ja/Nein': Tu jetzt | Schattenhund | Handelnd: 1 · A | Blockiert der Schattenhund in dieser Nacht alle Dorffähigkeiten?;1 Bildschirm. Titel: 'Schattenhund blockiert das Dorf?' Hilfe: 'Jetzt blockieren oder Nicht in dieser Nacht.' Kein Beginnen. 1 Tipp.;nein;;1;"Einmal je Leben, jede Nacht gefragt, bis er es nutzt. | Blockiert alle Nachtschritte von Dorfrollen für die ganze Nacht. | Todesreaktionen und passive Fähigkeiten wirken weiter. Wölfe und Einzelsieger bleiben frei."
schattenwanderer;Schattenwanderer;Knüpft eine Todeskette mit einem anderen Spieler. Stirbt einer von euch, stirbt stattdessen der andere — und umgekehrt.;jede Nacht bis zur Nutzung (einmalig);gemessen: Nacht 1;1. Bildschirm 'Ansage' (Schritt beginnen) [Schritt beginnen] → 2. Bildschirm 'Auswahl' [Auswahl bestätigen, Noch nicht verknüpfen, Abbrechen …, nach Auswahl: Auswahl leeren];3;0 bis 1 Personen (zulässig: 0 oder 1);genau 1 (andere lebende Person);ja ('Noch nicht verknüpfen');ja (einmalig);nein;nein;Bildschirm 'Ansage' (Schritt beginnen): Nächster Schritt · 2 von 2 | Schattenwanderer | Handelnd: 1 · A | Sag jetzt | „Schattenwanderer, erwache. Willst du dich mit jemandem verknüpfen? Zeige auf die Person.“ ‖ Bildschirm 'Auswahl': Tu jetzt | Schattenwanderer | Handelnd: 1 · A | Tippe die Person an, mit der sich der Schattenwanderer verknüpft. Sonst „Noch nicht verknüpfen“. | Zulässige Anzahl gewählter Personen: 0 oder 1. | Noch niemand gewählt. Tippe im Sitzkreis auf eine Person.;1 Bildschirm. Titel: 'Schattenwanderer verbindet sich mit einer Person.' Hilfe: 'Tippe die Person oder wähle Nicht heute.' Kein Beginnen. 1 Tipp.;nein;;1;"Einmal je Leben, jede Nacht bis zur Nutzung, freiwillig. | Stirbt einer von beiden, stirbt stattdessen der andere, danach ist die Kette verbraucht. | Spielleiterkorrekturen werden nicht umgelenkt."
schicksalswolf;Schicksalswolf;Wähle zu Beginn des Spiels drei Spieler. Für jeden von ihnen, der unter den ersten drei Toten ist, erhältst du in Nacht 4 die Möglichkeit, einen zusätzlichen Spieler zu reißen.;Nacht 1 (3 markieren) und Nacht 4 (Zusatzopfer);gemessen: Nacht 1;1. Bildschirm 'Ansage' (Schritt beginnen) [Schritt beginnen] → 2. Bildschirm 'Auswahl' [Auswahl bestätigen, Abbrechen …, nach Auswahl: Auswahl leeren];5;3 bis 3 Personen (zulässig: 3);"Nacht 1 genau 3; Nacht 4 bis zu so viele wie Markierte unter den ersten 3 Toten";nein;"Nacht 1 nein; Nacht 4 ja (Möglichkeit)";nein;nein;Bildschirm 'Ansage' (Schritt beginnen): Nächster Schritt · 2 von 2 | Schicksalswolf | Handelnd: 1 · A | Sag jetzt | „Schicksalswolf, erwache. Zeige auf die Personen, die das Schicksal treffen soll.“ ‖ Bildschirm 'Auswahl': Tu jetzt | Schicksalswolf | Handelnd: 1 · A | In Nacht 1 genau drei Personen markieren, in Nacht 4 bis zur angezeigten Zahl Zusatzopfer wählen. | Zulässige Anzahl gewählter Personen: 3. | Noch niemand gewählt. Tippe im Sitzkreis auf eine Person.;1 Bildschirm je Nacht. Nacht 1: 'Schicksalswolf markiert drei Personen.' (gilt nach dem dritten Tipp). Nacht 4: 'Zusatzopfer wählen?' mit Nicht heute. Kein Beginnen. 3 Tipps (Nacht 1).;nein;Nacht 4 nicht gemessen (nur Nacht 1).;3;"Nacht 1: genau drei andere Lebende markieren, auch Wölfe. | Nacht 4: so viele Zusatzopfer, wie Markierte unter den ersten drei Toten sind. Verzicht möglich. | Zusatzopfer sind Rudelangriffe: Schutz wirkt, sie durchdringen nicht."
schutzengel;Schutzengel;Wähle jede Nacht einen Spieler und schütze diesen vor dem nächsten Werwolfangriff.;jede Nacht (Pflicht, vor dem Rudel);gemessen: Nacht 1;1. Bildschirm 'Auswahl' [Auswahl bestätigen, Abbrechen …, nach Auswahl: Auswahl leeren];2;1 bis 1 Personen (zulässig: 1);genau 1 (andere lebende Person);nein;nein;nein;nein;Bildschirm 'Auswahl': Tu jetzt | Schutzengel | Handelnd: 1 · A | Tippe die Person an, auf die der Schutzengel zeigt, und bestätige. Er darf sich nicht selbst schützen. | Zulässige Anzahl gewählter Personen: 1. | Noch niemand gewählt. Tippe im Sitzkreis auf eine Person.;1 Bildschirm. Titel: 'Der Schutzengel schützt eine Person.' Hilfe: 'Tippe die Person.' (gilt sofort, 3 s rückgängig). 1 Tipp.;nein;;1;"Pflicht, jede Nacht genau eine andere lebende Person, nicht überspringbar. | Schützt nur vor dem Rudelangriff, nicht vor Gift oder anderen Toden. | Durchdringende Angriffe brechen den Schutz."
schutzgeist;Schutzgeist;Wählt in der Nacht nach ihrem Ableben einen Spieler. Dieser erhält ein Schutzschild. Hat sie einen Werwolf gewählt, erfährt das Dorf davon.;nur tot, in der ersten Nacht nach dem Tod (einmalig);nicht gemessen (nur als Tote);nicht gemessen: handelt nur als Tote in der Nacht nach dem Tod;0;keine;genau 1 (lebende Person);nicht anwendbar;nein (Text: wählt einen Spieler);nein;nein;;Nicht gemessen (nur als Toter). Vorschlag: 1 Bildschirm 'Der Schutzgeist schenkt einer Person ein Schild.' Hilfe 'Tippe die Person.' 1 Tipp.;nein;;1;"Nur als Tote, einmal je Leben, in der ersten Nacht nach dem Tod. | Das Schild wirkt ab der folgenden Nacht gegen den nächsten Rudelangriff. | Wählt sie einen Wolf, verkündet der Morgen es öffentlich ohne Namen."
schwarze-witwe;Schwarze Witwe;Loki wird automatisch gewählt. Wähle jede Nacht einen Spieler. Findest du einen Verliebten oder Verhassten, sterben beide am folgenden Tag.;jede Nacht;gemessen: Nacht 1;1. Bildschirm 'Ansage' (Schritt beginnen) [Schritt beginnen] → 2. Bildschirm 'Auswahl' [Auswahl bestätigen, Abbrechen …, nach Auswahl: Auswahl leeren];3;1 bis 1 Personen (zulässig: 1);genau 1 (andere lebende Person);nein;nein;nein;nein;Bildschirm 'Ansage' (Schritt beginnen): Nächster Schritt · 2 von 2 | Schwarze Witwe | Handelnd: 1 · A | Sag jetzt | „Schwarze Witwe, erwache. Zeige auf die Person, die du umgarnen willst.“ ‖ Bildschirm 'Auswahl': Tu jetzt | Schwarze Witwe | Handelnd: 1 · A | Tippe die Person an, auf die die Schwarze Witwe zeigt, und bestätige. | Zulässige Anzahl gewählter Personen: 1. | Noch niemand gewählt. Tippe im Sitzkreis auf eine Person.;1 Bildschirm. Titel: 'Schwarze Witwe wählt eine Person.' Hilfe: 'Tippe die Person.' Kein Beginnen. 1 Tipp.;nein;;1;"Jede Nacht eine andere lebende Person. | Wirkt nur, wenn sie zu einem lebenden Liebes- oder Rivalenpaar gehört. | Beide sterben am Morgen und wachen in dieser Nacht nicht mehr auf."
seelentauscher;Seelentauscher;Tauscht einmalig die Rollen zweier Spieler unabhängig davon, ob lebendig oder tot.;jede Nacht bis zur Nutzung (einmalig);gemessen: Nacht 1;1. Bildschirm 'Ansage' (Schritt beginnen) [Schritt beginnen] → 2. Bildschirm 'Auswahl' [Auswahl bestätigen, Niemand / verzichten, Abbrechen …, nach Auswahl: Auswahl leeren];4;0 bis 2 Personen (zulässig: 0 oder 2);genau 2 (lebend oder tot);ja ('Niemand / verzichten');ja (einmalig);nein;nein;Bildschirm 'Ansage' (Schritt beginnen): Nächster Schritt · 2 von 2 | Seelentauscher | Handelnd: 1 · A | Sag jetzt | „Seelentauscher, erwache. Willst du zwei Seelen tauschen? Zeige auf die beiden.“ ‖ Bildschirm 'Auswahl': Tu jetzt | Seelentauscher | Handelnd: 1 · A | Tippe genau zwei Personen an (auch Tote) oder verzichte ganz. | Zulässige Anzahl gewählter Personen: 0 oder 2. | Noch niemand gewählt. Tippe im Sitzkreis auf eine Person.;1 Bildschirm. Titel: 'Seelentauscher tauscht zwei Personen?' Hilfe: 'Tippe zwei Personen oder wähle Nicht heute.' (nach dem zweiten Tipp sofort, 3 s rückgängig). 2 Tipps.;nein;;2;"Einmal je Leben, freiwillig, zwei verschiedene Personen, lebend oder tot, er selbst erlaubt. | Beide erhalten die neue Rolle mit frischen Einsätzen, ohne Bindungen. | Lebende erfahren ihre neue Rolle sofort und privat."
selbstmoerder;Selbstmörder;Gewinnt, sobald 5+ Tote sind und er am Tage gelyncht wird.;passiv (bei seiner Hinrichtung, ab 5 Toten);nicht gemessen (keine Nachtkarte der Rolle);keine Karte der Rolle in der Nacht;0;keine;keine;nicht anwendbar;nicht anwendbar;nein;nein;;keine Nachtkarte.;nein;;0;"Siegt, wenn bei seiner Hinrichtung schon 5 oder mehr Personen tot sind. | Auch eine Hinrichtung per Spielleiterkorrektur zählt. | Ein zusätzlicher Tod durch den Henker zählt nicht."
sensentraeger;Sensenträger;Beim Tod: erntet eine letzte Seele seiner Wahl.;Tod (einmal je Leben);gemessen: nach dem Tod der Rolle;1. Bildschirm 'Ansage' (Schritt beginnen) [Schritt beginnen] → 2. Bildschirm 'Auswahl' [Auswahl bestätigen, Verzichtet, nach Auswahl: Auswahl leeren];3;0 bis 1 Personen (zulässig: 0 oder 1);genau 1 (lebende Person);ja ('Verzichtet');nein (Text: erntet eine letzte Seele);nein;nein;Bildschirm 'Ansage' (Schritt beginnen): Reaktion · 1 offen | Sensenträger | Handelnd: 1 · A ‖ Bildschirm 'Auswahl': Tu jetzt | Sensenträger | Handelnd: 1 · A | Die Person darf im Sterben jemanden verfluchen. Tippe die Person an oder „Verzichtet“. | Zulässige Anzahl gewählter Personen: 0 oder 1. | Noch niemand gewählt. Tippe im Sitzkreis auf eine Person.;1 Bildschirm nach dem Tod. Titel: 'Der Sensenträger erntet eine Seele.' Hilfe: 'Tippe die Person.' Kein Beginnen, kein Verzichten. 1 Tipp.;ja;"App: Reaktion mit 'Schritt beginnen' und 0 oder 1 mit 'Niemand / verzichten'; Kartentext ohne Verzicht (Lexikon: Verzicht möglich).";nicht gemessen;"Einmal je Leben, nach einem Tod am Tag sofort, nachts am Morgen. | Jede lebende Person außer ihm. Verzicht gibt es nicht. | Der Schutzengel schützt nicht. Im Fluch des Weisen ruht es."
seuchenwolf;Seuchenwolf;Nach seinem Ableben durchdringt der nächste Wolfsangriff alle Schutzeffekte.;passiv (nach seinem Tod durchdringt der nächste Rudelangriff alle Schutzeffekte);nicht gemessen (keine Nachtkarte der Rolle);keine Karte der Rolle in der Nacht;0;keine;keine;nicht anwendbar;nicht anwendbar;nein;nein;;keine Nachtkarte.;nein;;0;"Nach seinem Tod durchdringt der nächste Rudelangriff alle Schutzeffekte. | Eine Nacht ohne Rudelopfer verbraucht nichts. Mehrere stapeln nicht. | Nicht durchdrungen: Waffe des Schmieds, persönliche Schilde, Umlenkungen."
siegreicher-wolf;Siegreicher Wolf;Solange er lebt, zählt er für die Siegbedingung wie zwei Werwölfe.;passiv (zählt wie zwei Wölfe);nicht gemessen (keine Nachtkarte der Rolle);keine Karte der Rolle in der Nacht;0;keine;keine;nicht anwendbar;nicht anwendbar;nein;nein;;keine Nachtkarte.;nein;;0;"Zählt nur in der Wolfsparität doppelt. | Sonst zählt er einmal: bei „kein Wolf lebt“, beim Manipulator, beim Waldläufer. | Das Orakel sieht „Werwolf“."
spiegelwolf;Spiegelwolf;Reflektiert die erste Lynchung auf den Spieler, der ihn nominiert hat.;passiv (erste Hinrichtung wird gespiegelt);nicht gemessen (keine Nachtkarte der Rolle);keine Karte der Rolle in der Nacht;0;keine;keine;nicht anwendbar;nicht anwendbar;nein;nein;;keine Nachtkarte.;nein;;0;"Spiegelt einmal je Leben die erste bestätigte Hinrichtung auf die nominierende Person. | Die Hinrichtung des Tages gilt als erfolgt, er überlebt. | Ohne Nominierung dieses Tages oder bei toter nominierender Person: normaler Tod."
spuerhund;Spürhund;Wähle 3 Spieler. ✅ wenn einer Wolf, Solo oder falsche Spur ist — sonst ❌. Bei ❌ wird heimlich ein Spieler als falsche Spur markiert.;jede Nacht;gemessen: Nacht 1;1. Bildschirm 'Ansage' (Schritt beginnen) [Schritt beginnen] → 2. Bildschirm 'Auswahl' [Auswahl bestätigen, Heute nicht schnüffeln, Abbrechen …, nach Auswahl: Auswahl leeren] → 3. Bildschirm 'Gezeigt' [Gezeigt, Karte zeigen, Abbrechen …];7;"0 bis 3 Personen (zulässig: 0 oder 3); keine (nur 'Gezeigt')";genau 3 (andere lebende Personen);ja ('Heute nicht schnüffeln');nein (Text: wähle 3 Spieler);ja (1);"ja, ✅/❌ ist geheim; genau einmal";Bildschirm 'Ansage' (Schritt beginnen): Nächster Schritt · 2 von 2 | Spürhund | Handelnd: 1 · A | Sag jetzt | „Spürhund, erwache. Zeige auf drei Personen, an denen du schnüffeln willst.“ ‖ Bildschirm 'Auswahl': Tu jetzt | Spürhund | Handelnd: 1 · A | Tippe genau drei Personen an oder verzichte ganz. | Zulässige Anzahl gewählter Personen: 0 oder 3. | Noch niemand gewählt. Tippe im Sitzkreis auf eine Person. ‖ Bildschirm 'Gezeigt': Tu jetzt | Spürhund | Handelnd: 1 · A | Treffer: Nein | Gewählte Personen: 10 · J, 11 · K, 12 · L | Zeige dem Spürhund das Ergebnis. Danach „Gezeigt“.;2 Bildschirme. 1) Titel 'Der Spürhund prüft drei Personen.' Hilfe 'Tippe drei Personen.' (gilt nach dem dritten Tipp, 3 s rückgängig). 2) 'Karte zeigen' Ergebnis. Kein Beginnen, kein extra 'Gezeigt'.;ja;"App: 0 oder 3 mit 'Niemand / verzichten' (Lexikon: freiwillig); Kartentext: 'Wähle 3 Spieler'.";5;"Jede Nacht genau drei andere Lebende, kein Verzicht. Unter vier Lebenden entfällt der Schritt. | Häkchen, wenn mindestens eine Person Wolf oder Einzelsieger ist (wahre Fraktion). | Bei Kreuz verliert er die Fähigkeit, wird aber weiter aufgerufen."
todesprediger;Todesprediger;Kündigt an, in welcher Nacht oder an welchem Tag er sterben wird. Liegt er richtig, gewinnt er alleine.;nur Nacht 1;gemessen: Nacht 1;1. Bildschirm 'Ansage' (Schritt beginnen) [Schritt beginnen] → 2. Bildschirm 'Vorhersage' [Nacht, Tag, Eins früher, Eins später, Vorhersage bestätigen, Abbrechen …];4;Nacht oder Tag plus Nummer;1 Nacht oder Tag mit Nummer;keine Wahl;nein;nein;nein, die Vorhersage steht nur beim Spielleiter;Bildschirm 'Ansage' (Schritt beginnen): Nächster Schritt · 2 von 2 | Todesprediger | Handelnd: 1 · A | Sag jetzt | „Todesprediger, erwache. Sag mir leise, wann du sterben wirst.“ ‖ Bildschirm 'Vorhersage': Tu jetzt | Todesprediger | Handelnd: 1 · A | Stelle Nacht oder Tag und die Nummer ein, die der Todesprediger nennt, und bestätige. | Vorhersage: Nacht 2;1 Bildschirm. Titel: 'Todesprediger nennt seine Todesnacht.' Hilfe: 'Wähle Nacht oder Tag und die Zahl.' Kein Beginnen. 2 Tipps.;nein;;1;"Nur in Nacht 1, geheim beim Spielleiter. Wer da nicht handelt, verliert sie. | Tag N folgt auf Nacht N. Tode der Morgenauflösung zählen zur Nacht N. | Jede Todesart zählt, außer einer Korrektur ohne Todesfolgen."
traumdeuter;Traumdeuter;Erhält Visionen über Rollen oder Zustände von Spielern.;jede Nacht;gemessen: Nacht 1;1. Bildschirm 'Ansage' (Schritt beginnen) [Schritt beginnen] → 2. Bildschirm 'Auswahl' [Auswahl bestätigen, Zufällig auswählen, Abbrechen …, nach Auswahl: Auswahl leeren] → 3. Bildschirm 'Gezeigt' [Gezeigt, Karte zeigen, Abbrechen …];7;"3 bis 3 Personen (zulässig: 3); keine (nur 'Gezeigt')";genau 3 (Spielleiter wählt, mindestens 1 Wolf);nein;nein;ja (1);"ja, Namensliste ist geheim; genau einmal";Bildschirm 'Ansage' (Schritt beginnen): Nächster Schritt · 2 von 2 | Traumdeuter | Handelnd: 1 · A | Sag jetzt | „Traumdeuter, erwache. Ich zeige dir die Namen aus deinem Traum.“ ‖ Bildschirm 'Auswahl': Tu jetzt | Traumdeuter | Handelnd: 1 · A | Wölfe unter den Wählbaren (mindestens einen wählen): 2 · B, 3 · C | Nur für dich: Wähle drei andere Lebende mit mindestens einem Wolf für den Traum. | Zulässige Anzahl gewählter Personen: 3. | Noch niemand gewählt. Tippe im Sitzkreis auf eine Person. | Zufällig auswählen ist hier nicht möglich: Es gibt keine zulässige Auswahl. ‖ Bildschirm 'Gezeigt': Tu jetzt | Traumdeuter | Handelnd: 1 · A | Gewählte Personen: 2 · B, 3 · C, 4 · D | Zeige dem Traumdeuter die drei Namen. Danach „Gezeigt“.;2 Bildschirme. 1) Titel 'Der Traumdeuter sieht drei Namen.' Hilfe 'Tippe drei Personen, mindestens ein Wolf, oder Zufall.' 2) 'Karte zeigen' mit den Namen. Kein Beginnen, kein extra 'Gezeigt'.;nein;"Kartentext ('Visionen über Rollen oder Zustände') ist zu unscharf für einen Vergleich; die App folgt dem Lexikon.";6;"Jede Nacht wählt der Spielleiter drei andere Lebende, mindestens ein Wolf. | Er erfährt nur „mindestens ein Wolf“, nie die Anzahl. Es gilt die wahre Wolfszählung. | Weniger als drei Andere oder kein Wolf: Der Schritt entfällt."
trugbilderwolf;Trugbilderwolf;Täuscht das Orakel mit zufälliger Nicht-Wolf-Rolle.;passiv (Scheinrolle gegenüber dem Orakel);nicht gemessen (keine Nachtkarte der Rolle);keine Karte der Rolle in der Nacht;0;keine;keine;nicht anwendbar;nicht anwendbar;nein;nein;;keine Nachtkarte.;nein;;0;"Die Scheinrolle legt der Spielleiter beim Spielaufbau fest, nie zufällig. | Nur das Orakel sieht sie. Zählungen und Prüfungen nutzen die wahre Wolfszählung. | Die Waldhexe sieht bei einer Rettung die wahre Rolle."
verdammniswaechter;Verdammniswächter;Jede Nacht: Wähle 1 von 2 Spielern — entweder das Nachtopfer stirbt oder ein zufällig angebotener anderer Spieler stirbt stattdessen. Dieses Urteil umgeht alle Schutzfähigkeiten.;jede Nacht (Pflicht, nach dem Rudel);gemessen: Nacht 1;1. Bildschirm 'Ansage' (Schritt beginnen) [Schritt beginnen] → 2. Bildschirm 'Auswahl' [Auswahl bestätigen, Abbrechen …, nach Auswahl: Auswahl leeren];3;1 bis 1 Personen (zulässig: 1);genau 1 (Rudelopfer oder angebotene Person);nein;nein;nein;nein;Bildschirm 'Ansage' (Schritt beginnen): Nächster Schritt · 2 von 2 | Verdammniswächter | Handelnd: 1 · A | Sag jetzt | „Verdammniswächter, erwache. Wen soll der Angriff der Wölfe treffen?“ ‖ Bildschirm 'Auswahl': Tu jetzt | Verdammniswächter | Handelnd: 1 · A | Wähle, wen der Angriff trifft: das Opfer der Wölfe oder die angebotene Person. | Zulässige Anzahl gewählter Personen: 1. | Noch niemand gewählt. Tippe im Sitzkreis auf eine Person.;1 Bildschirm. Titel: 'Verdammniswächter urteilt.' Hilfe: 'Tippe: Rudelopfer oder angebotene Person.' (gilt sofort). Kein Beginnen. 1 Tipp.;nein;;1;"Pflicht, jede Nacht: Rudelopfer oder die von der App angebotene Person. | Betrifft nur das erste Rudelopfer. Das Urteil umgeht den Schutz, bleibt aber ein Rudelangriff. | Ist er selbst das Opfer oder gibt es kein Angebot, entfällt der Schritt."
voodoo-priester;Voodoo-Priester;Gibt einem Spieler eine Voodoo-Puppe. Solange eine Puppe aktiv ist, stirbt bei seinem Tod stattdessen der Puppenträger.;jede Nacht ohne lebende Puppe;gemessen: Nacht 1;1. Bildschirm 'Ansage' (Schritt beginnen) [Schritt beginnen] → 2. Bildschirm 'Auswahl' [Auswahl bestätigen, Niemand / verzichten, Abbrechen …, nach Auswahl: Auswahl leeren];3;0 bis 1 Personen (zulässig: 0 oder 1);genau 1 (andere lebende Person);ja ('Niemand / verzichten');nein (Text: gibt eine Puppe);nein;nein;Bildschirm 'Ansage' (Schritt beginnen): Nächster Schritt · 2 von 2 | Voodoo-Priester | Handelnd: 1 · A | Sag jetzt | „Voodoo-Priester, erwache. Zeige auf die Person, die deine Puppe erhält.“ ‖ Bildschirm 'Auswahl': Tu jetzt | Voodoo-Priester | Handelnd: 1 · A | Tippe die Person an, die die Puppe erhält. Ohne Wahl: verzichten. | Zulässige Anzahl gewählter Personen: 0 oder 1. | Noch niemand gewählt. Tippe im Sitzkreis auf eine Person.;1 Bildschirm. Titel: 'Voodoo-Priester gibt eine Puppe.' Hilfe: 'Tippe die Person.' Kein Beginnen. 1 Tipp.;ja;"App: 0 oder 1 mit 'Niemand / verzichten' (Lexikon: freiwillig); Kartentext nennt kein Verzichten. Leichter Widerspruch.";1;"Höchstens eine lebende Puppe. Ohne Puppe vergibt er in der nächsten Nacht eine neue. | Geheim: Die Puppe erfährt es nicht. Eine andere Person, nie er selbst. | Sein Tod trifft stattdessen die Puppe. Ohne Puppe stirbt er selbst."
waechter-am-tor;Wächter am Tor;Solange er lebt, werden neu entstehende Werwölfe blockiert — der betroffene Spieler wird stattdessen zum Dorfbewohner.;passiv;nicht gemessen (keine Nachtkarte der Rolle);keine Karte der Rolle in der Nacht;0;keine;keine;nicht anwendbar;nicht anwendbar;nein;nein;;keine Nachtkarte.;nein;;0;"Solange er lebt, wird kein neuer Wolf entstehen: Die Person wird Dorfbewohner. | Blockiert Wolfskind, Lehrling-Erbe, König Lykaon, Seelentauscher und Kutscher-Wiederbelebte. | Spielleiterkorrekturen werden nicht blockiert. Nur die Person erfährt es."
wahnsinniger-kutscher;Wahnsinniger Kutscher;Wird er gelyncht, sterben beide direkten Nachbarn mit ihm.;passiv (bei seiner Hinrichtung);nicht gemessen (keine Nachtkarte der Rolle);keine Karte der Rolle in der Nacht;0;keine;keine;nicht anwendbar;nicht anwendbar;nein;nein;;keine Nachtkarte.;nein;;0;"Bei seiner Hinrichtung sterben beide direkten Nachbarn mit. | Nachbarn sind die nächsten Lebenden, tote Plätze werden übersprungen. | Eine Spiegelung auf ihn ist keine Hinrichtung. Im Fluch des Weisen ruht es."
waldhexe;Waldhexe;Sieht jede Nacht die Zukunft des Opfers und entscheidet: Einmalig kannst du diesen vor seinem Schicksal bewahren oder einen anderen Spieler in eine tödliche Zukunft weisen.;jede Nacht mit unverbrauchtem Trank (nach dem Rudel);gemessen: Nacht 1;1. Bildschirm 'Ansage' (Schritt beginnen) [Schritt beginnen] → 2. Bildschirm 'Ja/Nein' [Heiltrank nutzen, Nicht heilen, Abbrechen …] → 3. Bildschirm 'Gezeigt' [Zur Kenntnis genommen, Karte zeigen, Abbrechen …] → 4. Bildschirm 'Ja/Nein' [Gifttrank nutzen, Nicht vergiften, Abbrechen …] → 5. Bildschirm 'Auswahl' [Auswahl bestätigen, Abbrechen …, nach Auswahl: Auswahl leeren] → 6. Bildschirm 'Gezeigt' [Bestätigen, Abbrechen …];8;"Ja/Nein; keine (nur 'Gezeigt'); Ja/Nein; 1 bis 1 Personen (zulässig: 1); keine (nur 'Gezeigt')";"Heilen: Rudelopfer (Ja/Nein); Vergiften: 1 Person";"Ja/Nein-Wahl (Nein = verzichten); Ja/Nein-Wahl (Nein = verzichten); nein";ja (je Trank einmalig);ja (1);"ja, die Rolle des Opfers ist geheim; genau einmal";Bildschirm 'Ansage' (Schritt beginnen): Nächster Schritt · 2 von 2 | Waldhexe | Handelnd: 1 · A | Sag jetzt | „Waldhexe, erwache. Ich zeige dir das Opfer der Nacht. Willst du einen Trank nutzen?“ ‖ Bildschirm 'Ja/Nein': Tu jetzt | Waldhexe | Handelnd: 1 · A | Opfer: 12 · L | Zeige der Waldhexe das Opfer. Nutzt sie den Heiltrank? ‖ Bildschirm 'Gezeigt': Tu jetzt | Waldhexe | Handelnd: 1 · A | Heiltrank genutzt: Ja | Opfer: 12 · L | Rolle des Opfers: Dorfwache | Die Waldhexe rettet. Zeige ihr jetzt die Rolle des Opfers. ‖ Bildschirm 'Ja/Nein': Tu jetzt | Waldhexe | Handelnd: 1 · A | Heiltrank genutzt: Ja | Opfer: 12 · L | Rolle des Opfers: Dorfwache | Nutzt die Waldhexe den Gifttrank? ‖ Bildschirm 'Auswahl': Tu jetzt | Waldhexe | Handelnd: 1 · A | Heiltrank genutzt: Ja | Gifttrank genutzt: Ja | Opfer: 12 · L | Rolle des Opfers: Dorfwache | Tippe die Person an, die die Waldhexe vergiftet, und bestätige. | Zulässige Anzahl gewählter Personen: 1. | Noch niemand gewählt. Tippe im Sitzkreis auf eine Person. ‖ Bildschirm 'Gezeigt': Tu jetzt | Waldhexe | Handelnd: 1 · A | Heiltrank genutzt: Ja | Gifttrank genutzt: Ja | Giftziel: 12 · L | Opfer: 12 · L | Rolle des Opfers: Dorfwache | Prüfe die Zusammenfassung. Erst „Bestätigen“ wendet die Tränke an.;2 bis 3 Bildschirme. 1) 'Waldhexe sieht das Opfer: Heiltrank?' (Karte zeigen, Heilen / Nicht heilen). 2) 'Gifttrank?' Person antippen oder Nicht vergiften. Letzte Zusammenfassung entfällt, jede Antwort gilt sofort (3 s rückgängig).;nein;;5;"Je ein Trank je Leben, beide dürfen in derselben Nacht genutzt werden. | Heilen nur das aktuelle Rudelopfer, sie erfährt dessen wahre Rolle. Gift wirkt am Morgen. | Wiederbelebung füllt die Tränke wieder auf."
waldlaeufer;Waldläufer;Erfährt, wie viele lebende Werwölfe im Spiel sind.;jede Nacht;gemessen: Nacht 1;1. Bildschirm 'Ansage' (Schritt beginnen) [Schritt beginnen] → 2. Bildschirm 'Gezeigt' [Gezeigt, Karte zeigen, Abbrechen …];3;keine (nur 'Gezeigt');keine;keine Wahl;nein;ja (1);"ja, die Zahl ist geheim; genau einmal";Bildschirm 'Ansage' (Schritt beginnen): Nächster Schritt · 2 von 2 | Waldläufer | Handelnd: 1 · A | Sag jetzt | „Waldläufer, erwache. Ich zeige dir, wie viele Wölfe noch leben.“ ‖ Bildschirm 'Gezeigt': Tu jetzt | Waldläufer | Handelnd: 1 · A | Lebende Wölfe: 2 | Zeige dem Waldläufer die Zahl. Danach „Gezeigt“.;1 Bildschirm. Titel: 'Der Waldläufer erfährt die Zahl der Wölfe.' 'Karte zeigen' mit der Zahl, schließen = erledigt. Kein Beginnen, kein extra 'Gezeigt'.;nein;;2;"Jede Nacht, solange er lebt. Keine Wahl. | Gezählt werden lebende Personen, die als Wolf zählen. | Der Siegreiche Wolf zählt einmal, ein unverwandeltes Wolfskind nicht."
werwolf;Werwolf;Tötet jede Nacht gemeinsam ein Opfer.;jede Nacht (Rudelschritt);gemessen: Nacht 1;1. Bildschirm 'Auswahl' [Auswahl bestätigen, Kein Opfer, Abbrechen …, nach Auswahl: Auswahl leeren];2;0 bis 1 Personen (zulässig: 0 oder 1);genau 1 Opfer;ja ('Kein Opfer');nein (Text: tötet jede Nacht ein Opfer);nein;nein;Bildschirm 'Auswahl': Tu jetzt | Die Werwölfe | Handelnd: 1 · A, 2 · B | Tippe das Opfer der Werwölfe an und bestätige. Ohne Einigung: „Niemand / verzichten“. | Zulässige Anzahl gewählter Personen: 0 oder 1. | Noch niemand gewählt. Tippe im Sitzkreis auf eine Person.;1 Bildschirm. Titel: 'Die Werwölfe wählen ein Opfer.' Hilfe: 'Tippe die Person.' (gilt sofort, 3 s rückgängig). Kein Beginnen. 1 Tipp.;ja;"App: 0 oder 1 mit 'Niemand / verzichten' ('Ohne Einigung'); Kartentext: 'Tötet jede Nacht gemeinsam ein Opfer'.";1;"Jede Nacht, solange mindestens eine lebende Person als Wolf zählt. | Jede lebende Person ist wählbar, auch ein Wolf. Das Opfer stirbt am Morgen. | Einigt sich das Rudel nicht, bestimmt der Spielleiter das Opfer. Schutz und Rettung können es verhindern."
wolfskind;Wolfskind;Wähle zu Beginn des Spiels einen Feind aus. Sollte dieser sterben, erwacht dein animalisches Blut und du zählst fortan als Wolf.;Nacht 1, solange kein Vorbild gewählt;gemessen: Nacht 1;1. Bildschirm 'Auswahl' [Auswahl bestätigen, Abbrechen …, nach Auswahl: Auswahl leeren];2;1 bis 1 Personen (zulässig: 1);genau 1 (andere lebende Person);nein;nein;nein;nein;Bildschirm 'Auswahl': Tu jetzt | Wolfskind | Handelnd: 1 · A | Tippe das gewählte Vorbild an und bestätige. | Zulässige Anzahl gewählter Personen: 1. | Noch niemand gewählt. Tippe im Sitzkreis auf eine Person.;1 Bildschirm. Titel: 'Das Wolfskind wählt ein Vorbild.' Hilfe: 'Tippe die Person.' (gilt sofort, 3 s rückgängig). Kein Beginnen. 1 Tipp.;nein;;1;"Pflicht: wählt ein Vorbild, eine andere lebende Person, nicht sich selbst. | Stirbt das Vorbild mit Todesfolgen, zählt es sofort als Wolf und erscheint als Werwolf. | Es wacht ab der folgenden Nacht mit dem Rudel auf. Ein Wächter am Tor macht es zum Dorfbewohner."
zeitwaechter;Zeitwächter;Kann einmalig eine Nacht einfrieren — alle Nachtaktionen dieser Nacht werden abgebrochen. Die Nacht gilt als nicht stattgefunden.;jede Nacht bis zur Nutzung (einmalig, als erster Schritt);gemessen: Nacht 1;1. Bildschirm 'Ja/Nein' [Nacht einfrieren, Nicht einfrieren, Abbrechen …];1;Ja/Nein;keine;Ja/Nein-Wahl (Nein = verzichten);ja (kann einmalig);nein;nein;Bildschirm 'Ja/Nein': Tu jetzt | Zeitwächter | Handelnd: 1 · A | Friert der Zeitwächter diese Nacht ein? Dann entfallen alle weiteren Nachtschritte.;1 Bildschirm. Titel: 'Der Zeitwächter friert die Nacht ein?' Hilfe: 'Nacht einfrieren oder Nicht einfrieren.' Kein Beginnen. 1 Tipp.;nein;;1;"Einmal je Leben, als erster Schritt. Verzicht behält die Fähigkeit. | Alle Nachtschritte aller Rollen entfallen, am Morgen stirbt niemand aus dieser Nacht. | Fällige Wirkungen früherer Nächte treten ein. Die Nachtnummer zählt weiter."
